SKU,NOMBRE,@IMAGEN,Publico,Mayoreo,Distribuidor,Caja,PZAS,Categoría,Descuento,Inventario
COMBO 15 PM TC 35W,(COMBO 15 PM TC 35W) Combo 15 Pro Max (35W) C-C,combo 15 pm tc 35w.jpg,$48.00,$32.00,$28.00,$27.00,300,Renombre / Combo Cargador,0%,257
AC-1009,(AC-1009) Base Móvil para Muebles,ac-1009.jpg,$140.00,$93.00,$82.00,$78.00,24,Ferretería,0%,24
ADC80-01,(ADC80-01) Adaptador De Corriente 1A,adc80-01.jpg,$28.00,$19.00,$17.00,$16.00,200,Iluminación,0%,200
AG-3009,(AG-3009) Juego de Destornilladores de Precisión 25 en 1,ag-3009.jpg,$20.00,$13.00,$12.00,$11.00,240,Ferretería,0%,240
AG-3011,(AG-3011) Kit de Pinzas para Terminales,ag-3011.jpg,$140.00,$93.00,$82.00,$78.00,50,Ferretería,0%,50
AH-806L,(AH-806L) Audífonos de Diadema de Mickey y Minie,ah-806l.jpg,$170.00,$113.00,$100.00,$94.00,60,Renombre / Audífonos / Diademas,0%,78
ASP-002,(ASP-002) Mini Aspiradora Recargable,asp-002.jpg,$75.00,$50.00,$44.00,$42.00,80,Hogar,0%,773
AT10M05,(AT10M05) Antena UHF para TV 16 dBl,at10m05.jpg,$208.00,$139.00,$122.00,$116.00,20,Ferretería,0%,20
AT3M06,(AT3M06) Antena TV UHF para Interior 28dB con Cable de 3M,at3m06.jpg,$79.00,$53.00,$46.00,$44.00,100,Hogar,0%,90
AT8MUSB,(AT8MUSB) Antena de Alta Definicion,at8musb.jpg,$138.00,$92.00,$81.00,$77.00,40,Hogar / Otros,0%,34
AUDIFONOS E LIGHTNING,(AUDIFONOS E LIGHTNING) Audifonos Tipo Earpods Lightning,audifonos e lightning.jpg,$44.00,$29.00,$26.00,$24.00,200,Renombre / Audífonos / Alámbricos,0%,303
AZJ-80502,(AZJ-80502) Soporte con Diseño de Sombrilla para Motocicleta,azj-80502.jpg,$90.00,$66.00,$58.00,$55.00,100,Soportes para Celular / Moto,0%,69
AZJ-80903,(AZJ-80903) Soporte de Teléfono para Coche C03,azj-80903.jpg,$59.00,$43.00,$38.00,$36.00,100,Soportes para Celular / Auto,0%,81
B1455N64,(B1455N64) Soporte de Techo para TV de 14 a 55 Pulgadas,b1455n64.jpg,$232.00,$155.00,$136.00,$129.00,10,Hogar / Soportes para TV,0%,20
B2665N65,(B2665N65) Soporte con Brazo para TV de 23 a 65 Pulgadas,b2665n65.jpg,$262.00,$175.00,$154.00,$146.00,5,Hogar / Soportes para TV,0%,9
B2665N67,(B2665N67) Soporte con Brazo para TV de 26 a 65 Pulgadas 40Kg,b2665n67.jpg,$426.00,$284.00,$251.00,$237.00,5,Hogar / Soportes para TV,0%,8
B3275N63,(B3275N63) Soporte de Techo para TV de 32 a 75 Pulgadas,b3275n63.jpg,$440.00,$293.00,$259.00,$244.00,5,Hogar / Soportes para TV,0%,9
BH-21128,(BH-21128) Mini Maquina De Coser,bh-21128.jpg,$250.00,$167.00,$147.00,$139.00,20,Hogar,0%,20
BH-21134,(BH-21134) Masajeador Corporal,bh-21134.jpg,$130.00,$87.00,$76.00,$72.00,40,Salud y Belleza / Masajeadores,0%,38
BIN03W16,(BIN03W16) Foco Inteligente LED RGB,bin03w16.jpg,$110.00,$73.00,$65.00,$61.00,20,Iluminación,0%,19
BOCINA E91,(BOCINA E91) Barra de Sonido 3x2W,bocina e91.jpg,$120.00,$80.00,$71.00,$67.00,40,Bocinas / Diseño,0%,39
BS-28,(BS-28) Barra de Sonido 5W x2,bs-28.jpg,$330.00,$220.00,$194.00,$183.00,12,Bocinas / Diseño,0%,10
BSC04,(BSC04) Báscula Electrónica para Cocina con Pantalla,bsc04.jpg,$81.00,$54.00,$48.00,$45.00,40,Hogar / Cocina / Electrodomésticos,0%,75
BSC07,(BSC07) Bascula Digital de Cocina,bsc07.jpg,$68.00,$45.00,$40.00,$38.00,60,Hogar / Cocina / Electrodomésticos,0%,105
BSC10,(BSC10) Báscula Digital Tipo Cuchara 800gr,bsc10.jpg,$108.00,$72.00,$64.00,$60.00,60,Hogar / Cocina,0%,60
C3780N51,"(C3780N51) Soporte De Tv De 37"" a 80""",c3780n51.jpg,$612.00,$408.00,$360.00,$340.00,5,Hogar / Soportes para TV,0%,6
C4275N31B,(C4275N31B) Soporte de Pared para TV de 42 a 75 Pulgadas,c4275n31b.jpg,$204.00,$136.00,$120.00,$113.00,8,Hogar / Soportes para TV,0%,15
CAB-020,(CAB-020) Cable 2 en 1 Carga Rápida C + Lightning,cab-020.jpg,$34.00,$23.00,$20.00,$19.00,400,Cables / Multi Entrada,0%,337
CAB259,(CAB259) Cable 3 En 1 C/V8/IP,cab259.jpg,$45.00,$30.00,$26.00,$25.00,300,1HORA / Cables,0%,9
CAS-02,(CAS-02) Cascada Navideña de 8 Tiras (3 Metros),cas-02.jpg,$234.00,$156.00,$138.00,$130.00,30,Hogar / Navidad / Iluminacion,0%,27
CDQ-L72,(CDQ-L72) Cargador de Batería AA/AAA con 4 pilas AA 600mah,cdq-l72.jpg,$150.00,$100.00,$88.00,$83.00,60,Cargadores,0%,97
CEP-8,(CEP-8) Diadema Bluetooth Estilo Piel,cep-8.jpg,$118.00,$79.00,$69.00,$66.00,80,Diademas / Bluetooth,0%,34
CH-J2062,(CH-J2062) Bocina Bluetooth con Diseño de Automóvil con Función TWS,ch-j2062.jpg,$160.00,$107.00,$94.00,$89.00,60,Bocinas,0%,8
CH-J2100,(CH-J2100) Bocina De Diseno,ch-j2100.jpg,$96.00,$64.00,$56.00,$53.00,100,Bocinas / Diseño,0%,49
DP-10143,(DP-10143) Proyector Bluetooth Diseño de Astronauta,dp-10143.jpg,$290.00,$183.00,$162.00,$153.00,24,Iluminación / Reflectores,0%,25
EM04W9,(EM04W9) Foco De Emergencia 9/45W,em04w9.jpg,$70.00,$47.00,$41.00,$39.00,50,Iluminación / Focos,0%,50
EM125,(EM125) Lámpara de 3 Paneles LED Carga Solar,em125.jpg,$210.00,$140.00,$124.00,$117.00,48,Iluminación / Lámparas,0%,38
EM157,(EM157) Lámpara con Panel Solar,em157.jpg,$130.00,$87.00,$76.00,$72.00,60,Iluminación / Panel Solar,0%,57
EM158,(EM158) Lámpara Solar con 3 Modos,em158.jpg,$60.00,$40.00,$35.00,$33.00,160,Iluminación / Panel Solar,0%,153
EM159,(EM159) Lámpara Solar con Control,em159.jpg,$168.00,$112.00,$99.00,$93.00,60,Iluminación / Panel Solar,0%,47
EM160,(EM160) Lámpara Solar,em160.jpg,$90.00,$60.00,$53.00,$50.00,80,Iluminación,0%,65
EM26W15,(EM26W15) Foco LED de Emergencia Recargable 15W con Gancho,em26w15.jpg,$57.00,$38.00,$34.00,$32.00,100,Iluminación / Focos,0%,100
EXHD03,(EXHD03) Antena Aérea HD,exhd03.jpg,$252.00,$168.00,$148.00,$140.00,10,Hogar / Soportes para TV,0%,10
FAN-Q117,(FAN-Q117) Ventilador,fan-q117.jpg,$20.00,$13.00,$12.00,$11.00,144,Hogar / Ventiladores,0%,428
FT-1014,(FT-1014) Cubo IP 20W Adaptador USB a C,ft-1014.jpg,$21.00,$19.00,$17.00,$16.00,300,Renombre / Cubo de Carga,0%,294
G118,(G118) Par de Bocinas RGB,g118.jpg,$464.00,$309.00,$273.00,$258.00,20,Bocinas,0%,20
GJ-350,(GJ-350) Juego de Llaves de Trinquete de 39 Piezas,gj-350.jpg,$110.00,$73.00,$65.00,$61.00,20,Hogar,0%,19
GJ-365,(GJ-365) Engrapadora Manual,gj-365.jpg,$90.00,$60.00,$53.00,$50.00,48,Ferretería,0%,48
GJ-368,(GJ-368) Remachadora Manual,gj-368.jpg,$66.00,$44.00,$39.00,$37.00,60,Ferretería,0%,60
GJ-371,(GJ-371) Pinzas para Pelar Cables,gj-371.jpg,$144.00,$96.00,$85.00,$80.00,60,Ferretería,0%,60
GJ-375,(GJ-375) Nivel con Láser,gj-375.jpg,$120.00,$80.00,$71.00,$67.00,100,Ferretería,0%,81
GJ-380,(GJ-380) Juego de Dados y Herramientas Automotrices,gj-380.jpg,$900.00,$600.00,$529.00,$500.00,5,Ferretería,0%,14
GJ-388,(GJ-388) Lámpara LED de Trabajo con Cable,gj-388.jpg,$120.00,$80.00,$71.00,$67.00,50,Iluminación / Lámparas,0%,49
H-339,(H-339) Bocina Diseño de Balón TWS 5W,h-339.jpg,$79.00,$53.00,$46.00,$44.00,100,Bocinas / Diseño,0%,99
HD001,(HD001) Antena Alta Definicion Hd,hd001.jpg,$234.00,$156.00,$138.00,$130.00,16,Hogar / Otros,0%,16
HD005,(HD005) Antena Uhf Aerea,hd005.jpg,$136.00,$91.00,$80.00,$76.00,20,Hogar / Otros,0%,19
HDM-9403,(HDM-9403) Cable HDMI 5 Metros,hdm-9403.jpg,$45.00,$32.00,$29.00,$27.00,100,Cables / HDMI,0%,75
HVH-80802,(HVH-80802) Lámpara de Mano Mini,hvh-80802.jpg,$32.00,$24.00,$21.00,$20.00,240,Iluminación / Lámparas / De Mano,0%,138
HZB-359,(HZB-359) Bolsa Cosmetiquera,hzb-359.jpg,$47.00,$33.00,$29.00,$28.00,150,Salud y Belleza,0%,17
ID-66,(ID-66) Lampara Musical Noche Navideña,id-66.jpg,$183.00,$147.00,$129.00,$122.00,60,Iluminación / Lámparas,0%,44
INHD01,(INHD01) Antena Hd Para Interiores,inhd01.jpg,$48.00,$32.00,$28.00,$27.00,100,Hogar / Otros,0%,100
JXQ-1403,(JXQ-1403) Extension 5 Metros,jxq-1403.jpg,$41.00,$30.00,$26.00,$25.00,80,Hogar,0%,36
JXQ-1800,(JXQ-1800) Regleta Multicontacto de 6 Entradas con Interruptor de Encendido,jxq-1800.jpg,$40.00,$30.00,$26.00,$25.00,60,Hogar / Otros,0%,8
LED-728,(LED-728) Base para Foco con Sensor de Movimiento,led-728.jpg,$60.00,$40.00,$35.00,$33.00,100,Iluminación,0%,97
MB-116,(MB-116) Bocina Bluetooth Cilindrica,mb-116.jpg,$83.00,$55.00,$49.00,$46.00,50,Bocinas / Diseño,0%,116
MR-018,(MR-018) Mini Plancha Portátil de Cabello,mr-018.jpg,$32.00,$21.00,$19.00,$18.00,100,Salud y Belleza,0%,232
MR-100,(MR-100) Depilador Eléctrico para Vello Nasal 360°,mr-100.jpg,$50.00,$33.00,$29.00,$28.00,200,Salud y Belleza,0%,91
MR-160,(MR-160) Afeitadora Nasal,mr-160.jpg,$60.00,$40.00,$35.00,$33.00,100,Salud y Belleza / Rasuradoras,0%,97
MR-307,(MR-307) Cepillo Alisador De Pelo Profesional,mr-307.jpg,$90.00,$54.00,$48.00,$45.00,50,Salud y Belleza,0%,38
MR-706,(MR-706) Máquina Removedora de Callos Portátil,mr-706.jpg,$84.00,$56.00,$49.00,$47.00,120,Salud y Belleza,0%,65
MR-850,(MR-850) Limpiador Facial 5 en 1,mr-850.jpg,$70.00,$47.00,$41.00,$39.00,100,Salud y Belleza,0%,100
MR-901,(MR-901) Masajeador Facial,mr-901.jpg,$110.00,$73.00,$65.00,$61.00,100,Salud y Belleza / Masajeadores,0%,200
MR-912,(MR-912) Pistola de Masaje con 4 Cabezales,mr-912.jpg,$150.00,$100.00,$88.00,$83.00,30,Salud y Belleza / Masajeadores,0%,18
MWQ-0421,(MWQ-0421) Raqueta Electrica,mwq-0421.jpg,$62.00,$46.00,$40.00,$38.00,60,Hogar / Otros,0%,6
NTN-30302,(NTN-30302) Rasuradora Vintage,ntn-30302.jpg,$59.00,$43.00,$38.00,$36.00,100,Salud y Belleza / Rasuradoras,0%,90
P47,(P47) Audifono P47 Diadema Bluetooth,p47.jpg,$59.00,$39.00,$35.00,$33.00,100,Diademas / Bluetooth,0%,135
P47M,(P47M) Diadema Diseño Gato,p47m.jpg,$75.00,$50.00,$44.00,$42.00,100,Diademas / Bluetooth,0%,47
PAN59X595W42,(PAN59X595W42) Lámpara de Panel Cuadrado 595 x 595 mm 42W,pan59x595w42.jpg,$394.00,$263.00,$232.00,$219.00,10,Iluminación / Lámparas,0%,20
PL-53,"(PL-53) Power Bank 10,000 mAh 4 en 1 + Panel Solar",pl-53.jpg,$184.00,$123.00,$108.00,$102.00,100,Power Banks / Panel Solar,0%,93
PL-55,(PL-55) Bateria Portátil con Carga Inalambrica,pl-55.jpg,$250.00,$167.00,$147.00,$139.00,100,Power Banks,0%,96
PL-56,(PL-56) Mini Bateria Magsafe Portátil 22.5W,pl-56.jpg,$260.00,$173.00,$153.00,$144.00,100,Power Banks,0%,94
PL-63,"(PL-63) Batería Portátil 20,000 mAh",pl-63.jpg,$260.00,$173.00,$153.00,$144.00,50,"Power Banks / 20,000 mAh",0%,41
PL-65,(PL-65) Batería Portátil 4 en 1,pl-65.jpg,$260.00,$173.00,$153.00,$144.00,50,Power Banks,0%,34
PL-67PD,(PL-67PD) Power Bank 22.5 W con Indicador de Carga,pl-67pd.jpg,$230.00,$153.00,$135.00,$128.00,50,Power Banks,0%,49
PL-68PD,"(PL-68PD) Power Bank 22.5W con Indicador de Carga 10,000 mAh",pl-68pd.jpg,$230.00,$153.00,$135.00,$128.00,50,Power Banks,0%,14
R18W30MM20,(R18W30MM20) Reflector Led de 20W,r18w30mm20.jpg,$52.00,$35.00,$31.00,$29.00,40,Iluminación / Reflectores,0%,40
R48W30,(R48W30) Reflector LED para Exteriores 30 W,r48w30.jpg,$81.00,$54.00,$48.00,$45.00,20,Iluminación / Reflectores,0%,20
R66W30,(R66W30) Reflector LED 30W para Exteriores,r66w30.jpg,$120.00,$80.00,$71.00,$67.00,20,Iluminación / Reflectores,0%,14
R67W30,(R67W30) Reflector con Panel Solar 30W,r67w30.jpg,$214.00,$143.00,$126.00,$119.00,30,Iluminación / Panel Solar,0%,28
R81W100,(R81W100) Reflector LED 100W 6500K 80 Leds 85-265V 60Hz,r81w100.jpg,$138.00,$92.00,$81.00,$77.00,20,Iluminación / Reflectores,0%,20
R81W30,(R81W30) Reflector LED para Exteriores 30W,r81w30.jpg,$55.00,$37.00,$32.00,$31.00,90,Iluminación / Reflectores,0%,89
RADIO 888S,(RADIO 888S) Radio Walkie Talkie Individual,radio 888s.jpg,$306.00,$204.00,$180.00,$170.00,50,Ferretería,0%,50
S39W10,(S39W10) Foco Led 10W Equivalencia 40W,s39w10.jpg,$15.00,$10.00,$9.00,$8.00,200,Iluminación / Focos / LED,0%,100
S39W15,(S39W15) Foco Led Luz Fria 15w 6500K,s39w15.jpg,$20.00,$13.00,$12.00,$11.00,100,Iluminación / Focos / LED,0%,199
S39W20,(S39W20) Foco LED 20W Equivalencia 80W,s39w20.jpg,$26.00,$17.00,$15.00,$14.00,50,Iluminación / Focos / LED,0%,100
S72W20,(S72W20) Foco LED Retráctil Luz Blanca 20W,s72w20.jpg,$38.00,$25.00,$22.00,$21.00,100,Iluminación / Focos,0%,100
SA326T,(SA326T) Mini Bocina Bluetooth de 3 Pulgadas,sa326t.jpg,$57.00,$38.00,$34.00,$32.00,60,Bocinas,0%,22
SA654P,(SA654P) Bocina Bluetooth 6.5 Pulgadas,sa654p.jpg,$198.00,$132.00,$116.00,$110.00,12,"Bafles / 6""",0%,12
SA8056T,(SA8056T) Bocina Bluetooth 8 Pulgadas + Micrófono 10W,sa8056t.jpg,$258.00,$172.00,$152.00,$143.00,12,"Bafles / 8""",0%,22
SD-576,(SD-576) Linterna LED Portátil con Zoom Telescópico,sd-576.jpg,$76.00,$51.00,$45.00,$42.00,240,Iluminación,0%,234
SSH-773,(SSH-773) Hervidor Eléctrico Plegable Portátil Blanco,ssh-773.jpg,$210.00,$140.00,$124.00,$117.00,30,Hogar / Cocina,0%,24
ST-B261,(ST-B261) Lentes de Sol con Audífonos Integrados,st-b261.jpg,$114.00,$76.00,$67.00,$63.00,100,Audífonos,0%,480
TK-2581,(TK-2581) Cámara GO PRO,tk-2581.jpg,$420.00,$280.00,$247.00,$233.00,40,Ferretería,0%,31
TL1455N20B,"(TL1455N20B) Soporte Para Tv Con Brazo 14-55""",tl1455n20b.jpg,$158.00,$105.00,$93.00,$88.00,10,Hogar / Soportes para TV,0%,51
TO-1512,(TO-1512) Control Xbox 360 Generico Alambrico,to-1512.jpg,$221.00,$162.00,$143.00,$135.00,50,Entretenimiento / Consolas Retro,0%,50
TR-6022,(TR-6022) Audifono Bt,tr-6022.jpg,$82.00,$60.00,$53.00,$50.00,100,Audífonos / Bluetooth,0%,15
TR-6025,(TR-6025) Audífonos Bluetooth con Estuche de Carga,tr-6025.jpg,$57.00,$42.00,$37.00,$35.00,100,Audífonos / Bluetooth,0%,42
TWS-7501,(TWS-7501) Lentes Bluetooth XG89,tws-7501.jpg,$115.00,$84.00,$74.00,$70.00,100,Accesorios para Celular,0%,128
VB347T,(VB347T) Bocina Bluetooth 3 x2 Pulgadas 5w,vb347t.jpg,$110.00,$73.00,$65.00,$61.00,40,Bocinas,0%,17
VGA-007,(VGA-007) Combo Cargador V8 Nebro 2.5A,vga-007.jpg,$30.00,$24.00,$21.00,$20.00,200,Cargadores / V8,0%,8
XB-5536,"(XB-5536) Power Bank 20,000 mAh",xb-5536.jpg,$69.00,$50.00,$44.00,$42.00,100,Power Banks,0%,95
XM-7113,(XM-7113) Mini Bocina Metálica Bluetooth,xm-7113.jpg,$57.00,$42.00,$37.00,$35.00,100,Audífonos / Bluetooth,0%,82
XM-7121,(XM-7121) Mini Bocina Diseño Hongo,xm-7121.jpg,$50.00,$36.00,$32.00,$30.00,100,Bocinas / Diseño,0%,92
Y08,(Y08) Diadema Bluetooth de Colores,y08.jpg,$82.00,$55.00,$48.00,$46.00,100,Diademas / Bluetooth,0%,91
ZN-1642,(ZN-1642) Kit de SmartWatch,zn-1642.jpg,$376.00,$251.00,$221.00,$209.00,50,Renombre / Smartwatch,0%,23
ZSD-030,(ZSD-030) Guirnalda con 250 Luces LED Multicolor 50M,zsd-030.jpg,$198.00,$132.00,$116.00,$110.00,20,Hogar / Navidad / Iluminacion,0%,20
ZSD-031,(ZSD-031) Serie Navideña de 50 Focos LED Multicolor 4M,zsd-031.jpg,$26.00,$17.00,$15.00,$14.00,100,Hogar / Navidad / Iluminacion,0%,100
ZSD-032,(ZSD-032) Serie Navideña de 50 Focos LED Luz Cálida 4M,zsd-032.jpg,$26.00,$17.00,$15.00,$14.00,100,Hogar / Navidad / Iluminacion,0%,99
ZSD-033,(ZSD-033) Cascada de 100 Focos LED Multicolor 3M,zsd-033.jpg,$62.00,$41.00,$36.00,$34.00,100,Hogar / Navidad / Iluminacion,0%,100
ZSD-035,(ZSD-035) Cascada de 100 Focos LED Luz Blanca 3M,zsd-035.jpg,$62.00,$41.00,$36.00,$34.00,100,Hogar / Navidad / Iluminacion,0%,100
ZSD-036,(ZSD-036) Cascada de 100 Focos Led Luz Cálida 3M,zsd-036.jpg,$62.00,$41.00,$36.00,$34.00,100,Hogar / Navidad / Iluminacion,0%,100
ZSD-057,(ZSD-057) Serie Navideña con 100 Focos Led Luz Azul 7M,zsd-057.jpg,$38.00,$25.00,$22.00,$21.00,100,Hogar / Navidad / Iluminacion,0%,100
ZSD-058,(ZSD-058) Serie Navideña con 100 Focos Led Multicolor 7M,zsd-058.jpg,$42.00,$28.00,$25.00,$23.00,100,Hogar / Navidad / Iluminacion,0%,100
ZSD-059,(ZSD-059) Serie Navideña con 100 Focos LED Luz Blanca 8M,zsd-059.jpg,$42.00,$28.00,$25.00,$23.00,100,Hogar / Navidad / Iluminacion,0%,100
ZSD-060,(ZSD-060) Serie Navideña con 100 Focos LED Luz Cálida 8M,zsd-060.jpg,$44.00,$29.00,$26.00,$24.00,100,Hogar / Navidad / Iluminacion,0%,98
ZSD-061,(ZSD-061) Serie de 100 Focos LED Luz Azul 8M,zsd-061.jpg,$38.00,$25.00,$22.00,$21.00,100,Hogar / Navidad / Iluminacion,0%,100
ZSD-062,(ZSD-062) Serie de 100 Focos Led Luz Rosa 8M,zsd-062.jpg,$38.00,$25.00,$22.00,$21.00,100,Hogar / Navidad / Iluminacion,0%,100
ZSD-063,(ZSD-063) Serie Navideña de 200 Focos Led Multicolor 15M,zsd-063.jpg,$80.00,$53.00,$47.00,$44.00,50,Hogar / Navidad / Iluminacion,0%,50
ZSD-065,(ZSD-065) Serie Navideña de 200 Focos Led Luz Blanca 15M,zsd-065.jpg,$80.00,$53.00,$47.00,$44.00,50,Hogar / Navidad / Iluminacion,0%,50
ZSD-066,(ZSD-066) Serie Navideña de 200 Focos Led Luz Cálida 15M,zsd-066.jpg,$80.00,$53.00,$47.00,$44.00,50,Hogar / Navidad / Iluminacion,0%,50
ZSD-067,(ZSD-067) Serie Navideña de 200 Luces Led Multicolor 12M,zsd-067.jpg,$80.00,$53.00,$47.00,$44.00,50,Hogar / Navidad / Iluminacion,0%,50
ZSD-070,(ZSD-070) Serie Navideña con 50 Focos Led Luz Blanca 4.5M,zsd-070.jpg,$26.00,$17.00,$15.00,$14.00,100,Hogar / Navidad / Iluminacion,0%,100
ZSD-071,(ZSD-071) Serie Navideña con 50 Focos Led Azul 4.5M,zsd-071.jpg,$26.00,$17.00,$15.00,$14.00,100,Hogar / Navidad / Iluminacion,0%,100
ZSD-092,(ZSD-092) Serie de Copos de Nieve con 27 Focos Led Multicolor 3.5M,zsd-092.jpg,$38.00,$25.00,$22.00,$21.00,150,Hogar / Navidad / Iluminacion,0%,150
ZSD-093,(ZSD-093) Serie Navideña de 28 Luces Led Multicolor con Diseño de Luna y Estrella 4M,zsd-093.jpg,$38.00,$25.00,$22.00,$21.00,150,Hogar / Navidad / Iluminacion,0%,150
ZSD-102,(ZSD-102) Cortina Tipo Cascada de 160 Led's 3.2 M,zsd-102.jpg,$96.00,$64.00,$56.00,$53.00,60,Hogar / Navidad / Iluminacion,0%,60
ZSD-211,(ZSD-211) Alambre de 10 Luces LED Multicolor 1M,zsd-211.jpg,$6.00,$4.00,$3.50,$3.00,"2,500",Hogar / Navidad / Iluminacion,0%,"2,500.00"
ZSD-212,(ZSD-212) Alambre de 20 Luces LED Multicolor 1.95 M,zsd-212.jpg,$7.00,$5.00,$4.00,$3.50,"2,000",Hogar / Navidad / Iluminacion,0%,"2,000.00"
ZSD-213,(ZSD-213) Cascada Navideña Multicolor 3x3 Metros,zsd-213.jpg,$80.00,$53.00,$47.00,$44.00,100,Hogar / Navidad / Iluminacion,0%,97
ZSD-215,(ZSD-215) Cascada de Luz Cálida 3x3 Metros,zsd-215.jpg,$78.00,$52.00,$46.00,$43.00,100,Hogar / Navidad / Iluminacion,0%,96
ZSD-216,(ZSD-216) Cortina de Luces LED Multicolor 2.5M,zsd-216.jpg,$72.00,$48.00,$42.00,$40.00,100,Hogar / Navidad / Iluminacion,0%,100
ZSD-220,"(ZSD-220) Serie de Luz LED Cálida, Fría y Multicolor Tipo Cortina 1.5M",zsd-220.jpg,$56.00,$37.00,$33.00,$31.00,100,Hogar / Navidad / Iluminacion,0%,100
ZSD-221,"(ZSD-221) Serie de Luz LED Cálida, Fría y Multicolor Tipo Cortina 2.5M",zsd-221.jpg,$72.00,$48.00,$42.00,$40.00,100,Hogar / Navidad / Iluminacion,0%,100
ZSD-222,"(ZSD-222) Cortina de Luz LED Cálida, Fría y Multicolor 3x1M",zsd-222.jpg,$62.00,$41.00,$36.00,$34.00,100,Hogar / Navidad / Iluminacion,0%,100
ZSD-2623,(ZSD-2623) Platos Navideños,zsd-2623.jpg,$28.00,$19.00,$17.00,$16.00,120,Hogar / Navidad,0%,120
ZSD-2636,(ZSD-2636) Mini Cajitas Navideñas Metálicas,zsd-2636.jpg,$12.00,$9.00,$8.00,$7.00,480,Hogar / Navidad,0%,372
ZSD-2667,(ZSD-2667) Paquete con 24 Mini Esferas Navideñas 3cm de Diámetro,zsd-2667.jpg,$44.00,$29.00,$26.00,$24.00,160,Hogar / Navidad,0%,158
ZSD-2668,(ZSD-2668) Paquete de 8 Esferas Navideñas 6cm de Diámetro,zsd-2668.jpg,$54.00,$36.00,$32.00,$30.00,60,Hogar / Navidad,0%,56
ZSD-289,"(ZSD-289) Manguera de Luz Led Cálida, Fría y Multicolor con Panel Solar 7M",zsd-289.jpg,$110.00,$73.00,$65.00,$61.00,50,Hogar / Navidad / Iluminacion,0%,50
ZSD-290,"(ZSD-290) Manguera de Luz LED Cálida, Fría y Multicolor con Panel Solar 12M",zsd-290.jpg,$130.00,$87.00,$76.00,$72.00,50,Hogar / Navidad / Iluminacion,0%,50
ZSD-377,(ZSD-377) Mantel Individual Navideño 38cm de Diámetro,zsd-377.jpg,$20.00,$13.00,$12.00,$11.00,300,Hogar / Navidad,0%,300
ZSD-378,(ZSD-378) Lámpara Proyector Navideño,zsd-378.jpg,$86.00,$57.00,$51.00,$48.00,100,Hogar / Navidad / Iluminacion,0%,78
ZSD-379,(ZSD-379) Tapete Navideño Para Puerta 57x37cm,zsd-379.jpg,$31.00,$21.00,$18.00,$17.00,100,Hogar / Navidad,0%,100
ZSD-507,(ZSD-507) Serie de Luces de Cable Blanco,zsd-507.jpg,$250.00,$167.00,$147.00,$139.00,30,Hogar / Navidad / Iluminacion,0%,30
ZSD-526,(ZSD-526) Tira LED RGB con Control 10M 5V,zsd-526.jpg,$180.00,$120.00,$106.00,$100.00,60,Iluminación / Tiras LED,0%,59
ZSD-554,(ZSD-554) Tira LED Neón Flexible de 2M 5V,zsd-554.jpg,$70.00,$47.00,$41.00,$39.00,120,Iluminación / Tiras LED,0%,120
ZSD-555,(ZSD-555) Tira LED Neón Flexible Luz Cromática 3M 5V,zsd-555.jpg,$100.00,$67.00,$59.00,$56.00,120,Iluminación / Tiras LED,0%,118
ZSD-579,(ZSD-579) Tira LED Neón Flexible Luz Cromática 1M 5V,zsd-579.jpg,$50.00,$33.00,$29.00,$28.00,120,Iluminación / Tiras LED,0%,120
GTS-2263,Bocina Hielera Bluetooth con Luz LED,gts-2263.jpg,$340.00,$227.00,$200.00,$189.00,12,Bocinas / Diseño,0%,9
XZ-6217,Soporte de Celular para Retrovisor,xz-6217.jpg,$46.00,$30.00,$26.00,$25.00,100,Soportes para Celular,0%,68
ADC80-03,(ADC80-03) Adaptador de Corriente AC/DC 24W,adc80-03.jpg,$47.00,$31.00,$28.00,$26.00,150,Cargadores,0%,116
AIRPODS 4TA GEN ANC,(AIRPODS 4TA GEN ANC) Air Pods 4ta Gen ANC,airpods 4ta gen anc.jpg,$220.00,$147.00,$129.00,$122.00,100,Renombre / Audífonos / Bluetooth,0%,54
AZMQ029,(AZMQ029) Lámpara LED con Diseño de Nube y Tulipanes,azmq029.jpg,$50.00,$33.00,$29.00,$28.00,100,Iluminación,0%,58
BT-1001,(BT-1001) Soporte Magnético Universal para Auto,bt-1001.jpg,$34.00,$23.00,$20.00,$19.00,200,Soportes para Celular,0%,177
CAB-019,(CAB-019) Cable USB a Lightning 1 Metro,cab-019.jpg,$11.00,$8.00,$7.00,$6.00,500,Cables / Lightning,0%,415
CABLE 1M IP C A LIGHTNING,(CABLE 1M IP C A LIGHTNING) Cable USB-C a Lightning 1 Metro,cable 1m ip c a lightning.jpg,$19.00,$13.00,$11.00,$11.00,"1,000",Renombre / Cables / Lightning,0%,334
CAR-U102,(CAR-U102) Cubo Cargador con 1 Puerto USB y Cable Lightning,car-u102.jpg,$38.00,$25.00,$22.00,$21.00,200,Cargadores / Cubo,0%,72
CDQ-L73,(CDQ-L73) Cargador de Baterías AA/AAA con 4 Pilas AAA de 350 mAh,cdq-l73.jpg,$150.00,$100.00,$88.00,$83.00,60,Hogar,0%,100
CFJ-115,(CFJ-115) Secadora de Cabello,cfj-115.jpg,$210.00,$140.00,$124.00,$117.00,50,Salud y Belleza,0%,25
CH-J2042,(CH-J2042) Bocina De Diseno,ch-j2042.jpg,$230.00,$153.00,$135.00,$128.00,40,Bocinas / Diseño,0%,35
CH-J2056,(CH-J2056) Bocina Bluetooth con Subwoofer y Luz LED,ch-j2056.jpg,$530.00,$353.00,$312.00,$294.00,20,Bocinas,0%,14
CH-J2057,(CH-J2057) Bocina Bluetooth con Subwoofer y Luz LED,ch-j2057.jpg,$540.00,$360.00,$318.00,$300.00,20,Bocinas,0%,12
CH-J2065,(CH-J2065) Mini Bocina Bluetooth con Función TWS y Luz RGB,ch-j2065.jpg,$130.00,$87.00,$76.00,$72.00,60,Bocinas,0%,99
CH-J2074,(CH-J2074) Micrófono Karaoke con Bluetooth y Radio FM,ch-j2074.jpg,$116.00,$77.00,$68.00,$64.00,50,Bocinas,0%,34
CH-J2090,(CH-J2090) Bocina De Diseno,ch-j2090.jpg,$136.00,$91.00,$80.00,$76.00,50,Bocinas / Diseño,0%,40
CH-J2102,(CH-J2102) Bocina Portátil con Bluetooth,ch-j2102.jpg,$72.00,$48.00,$42.00,$40.00,100,Bocinas / Diseño,0%,91
CH-J2104,(CH-J2104) Bocina Con Soporte,ch-j2104.jpg,$90.00,$60.00,$53.00,$50.00,100,Bocinas / Diseño,0%,76
CH-J2105,(CH-J2105) Bocinas Bluetooth TWS + Luz RGB,ch-j2105.jpg,$150.00,$100.00,$88.00,$83.00,40,Bocinas / Diseño,0%,34
CH-J2113,(CH-J2113) Bocina Bluetooth Texturizada con Correa,ch-j2113.jpg,$144.00,$96.00,$85.00,$80.00,50,Bocinas / Diseño,0%,21
CH-J2122,(CH-J2122) Bovina Bluetooth TWS con Luz RGB,ch-j2122.jpg,$134.00,$89.00,$79.00,$74.00,60,Bocinas / Diseño,0%,55
CH-J2130,(CH-J2130) Bocina Cilíndrica Bluetooth,ch-j2130.jpg,$402.00,$268.00,$236.00,$223.00,30,Bocinas,0%,26
CH-J2135,(CH-J2135) Bocina Bluetooth TWS con Power Bank,ch-j2135.jpg,$292.00,$195.00,$172.00,$162.00,60,Bocinas,0%,54
CH-J2145,(CH-J2145) Mini Bocina Bluetooth TWS con Luz RGB,ch-j2145.jpg,$124.00,$83.00,$73.00,$69.00,60,Bocinas / Diseño,0%,50
CH-J2177,(CH-J2177) Bocina Bluetooth Dispensadora de Bebidas 10W 2.5 Litros,ch-j2177.jpg,$515.00,$343.00,$303.00,$286.00,20,Bocinas / Diseño,0%,12
CH-K3029,(CH-K3029) Barra de Sonido Bluetooth,ch-k3029.jpg,$220.00,$147.00,$129.00,$122.00,40,Bocinas / Diseño,0%,33
CS-FM1204,(CS-FM1204) Bocina Bluetooth TWS con Luces RGB,cs-fm1204.jpg,$118.00,$79.00,$69.00,$66.00,60,Bocinas / Diseño,0%,31
CS-FM1205,(CS-FM1205) Bocina Bluetooth TWS con Luz RGB,cs-fm1205.jpg,$102.00,$68.00,$60.00,$57.00,60,Bocinas / Diseño,0%,27
CSQ-07,(CSQ-07) Dispensador Eléctrico De Agua,csq-07.jpg,$100.00,$67.00,$59.00,$56.00,60,Hogar / Cocina / Electrodomésticos,0%,44
CSQ-09,(CSQ-09) Dispensador de Agua Automático,csq-09.jpg,$76.00,$51.00,$45.00,$42.00,90,Hogar / Cocina / Electrodomésticos,0%,44
DNSD-9308,(DNSD-9308) Kit Teclado Y Mouse,dnsd-9308.jpg,$430.00,$287.00,$253.00,$239.00,20,Cómputo,0%,14
DZC-0134,(DZC-0134) Bascula Gramera,dzc-0134.jpg,$74.00,$54.00,$48.00,$45.00,60,Hogar / Cocina / Utencilios,0%,28
EM32,(EM32) Lámpara LED de Emergencia con Panel Solar de 2400mAh,em32.jpg,$100.00,$67.00,$59.00,$56.00,100,Iluminación,0%,89
EM37,(EM37) Lámpara LED Magnética para Dormitorio,em37.jpg,$84.00,$56.00,$49.00,$47.00,100,Iluminación,0%,48
EZ-165,(EZ-165) Audífonos Alámbricos,ez-165.jpg,$13.00,$9.00,$8.00,$7.00,400,Audífonos / Alámbricos,0%,127
FAN-Q119,(FAN-Q119) Ventilador con Diseño de Caracol,fan-q119.jpg,$18.00,$12.00,$11.00,$10.00,120,Hogar / Ventiladores,0%,24
FK-903,(FK-903) Sellador y Cortador de Bolsas con Imán,fk-903.jpg,$36.00,$24.00,$21.00,$20.00,200,Hogar,0%,166
G107,(G107) Bocina De Diseño con Soporte,g107.jpg,$110.00,$73.00,$65.00,$61.00,100,Bocinas / Diseño,0%,35
GJ-325,(GJ-325) Juego de Puntas Intercambiables para Desarmador,gj-325.jpg,$108.00,$72.00,$64.00,$60.00,60,Ferretería,0%,57
GJ-337,(GJ-337) Desarmador con 8 Puntas Intercambiables,gj-337.jpg,$38.00,$25.00,$22.00,$21.00,100,Ferretería,0%,47
GJ-353S,(GJ-353S) Kit de Destornillador Eléctrico Recargable,gj-353s.jpg,$180.00,$120.00,$106.00,$100.00,20,Ferretería,0%,14
GJ-363,(GJ-363) Pistola de Silicón Eléctrica,gj-363.jpg,$60.00,$40.00,$35.00,$33.00,100,Hogar,0%,45
GJ-372,(GJ-372) Pinza Crimpadora Profesional 0.25-6mm² para Terminales Aisladas,gj-372.jpg,$190.00,$127.00,$112.00,$106.00,40,Ferretería,0%,22
GTS-1779,"(GTS-1779) Bocina Bluetooth de 4"" LED con Asa",gts-1779.jpg,$158.00,$105.00,$93.00,$88.00,40,Bocinas,0%,36
GUIR-01CM270,(GUIR-01CM270) Guirnalda Navideña 270 cm,guir-01cm270.jpg,$294.00,$196.00,$173.00,$163.00,10,Hogar / Navidad,0%,18
HZJ-935,(HZJ-935) Set de Peine y Espejo Capibara,hzj-935.jpg,$28.00,$19.00,$16.00,$16.00,360,Salud y Belleza,0%,259
IDC-AAA,(IDC-AAA) Blíster de 4 Baterías AAA,idc-aaa.jpg,$10.00,$8.00,$7.00,$6.00,144,Hogar / Baterías,0%,19
IMS-AM0508,(IMS-AM0508) Masajeador Eléctrico de Cabeza,ims-am0508.jpg,$104.00,$69.00,$61.00,$58.00,90,Salud y Belleza / Masajeadores,0%,48
IMS-AM0513,(IMS-AM0513) Masajeador de 9 Cabezales,ims-am0513.jpg,$230.00,$153.00,$135.00,$128.00,30,Salud y Belleza / Masajeadores,0%,22
IMS-E2026,(IMS-E2026) Audífonos Bluetooth Inalámbricos con Estuche de Carga,ims-e2026.jpg,$138.00,$92.00,$81.00,$77.00,100,Audífonos / Bluetooth,0%,79
IMS-FM001,(IMS-FM001) Barra de Sonido Portátil Bluetooth 16W para PC y Televisión,ims-fm001.jpg,$332.00,$221.00,$195.00,$184.00,30,Bocinas / Diseño,0%,29
IMS-FM020,(IMS-FM020) Bocina Bluetooth de 10W con Luz RGB,ims-fm020.jpg,$210.00,$140.00,$124.00,$117.00,30,Bocinas,0%,25
IMS-FM024,(IMS-FM024) Bocina Bluetooth con Luz RGB 8W,ims-fm024.jpg,$216.00,$144.00,$127.00,$120.00,30,Bocinas / Diseño,0%,28
IMS-FM025,(IMS-FM025) Bocina Bluetooth con Luz RGB 8W,ims-fm025.jpg,$212.00,$141.00,$125.00,$118.00,40,Bocinas / Diseño,0%,33
IMS-FM026,(IMS-FM026) Bocina Bluetooth con Luz RGB 10W,ims-fm026.jpg,$190.00,$127.00,$112.00,$106.00,40,Bocinas / Diseño,0%,36
IMS-FM027,(IMS-FM027) Bocina Bluetooth 7W con Luz RGB,ims-fm027.jpg,$306.00,$204.00,$180.00,$170.00,40,Bocinas / Diseño,0%,38
IMS-FM040,(IMS-FM040) Bocina Bluetooth Portátil 30W con Luz RGB y Asa de Transporte,ims-fm040.jpg,$410.00,$273.00,$241.00,$228.00,20,Bocinas / Diseño,0%,20
IMS-FM041,(IMS-FM041) Bocina Bluetooth con Luz RGB 5W,ims-fm041.jpg,$226.00,$151.00,$133.00,$126.00,40,Bocinas / Diseño,0%,27
IMS-FM042,(IMS-FM042) Bocina Bluetooth de Diseño 5W,ims-fm042.jpg,$118.00,$79.00,$69.00,$66.00,60,Bocinas / Diseño,0%,57
IMS-FM043,(IMS-FM043) Bocina Bluetooth 5W con Luz RGB,ims-fm043.jpg,$160.00,$107.00,$94.00,$89.00,50,Bocinas / Diseño,0%,47
IMS-MF0210,(IMS-MF0210) Plancha para Cabello 45W,ims-mf0210.jpg,$106.00,$71.00,$62.00,$59.00,60,Salud y Belleza,0%,47
IMS-TD0303,(IMS-TD0303) Máquina Rasuradora Eléctrica Recargable 3 en 1,ims-td0303.jpg,$198.00,$132.00,$116.00,$110.00,60,Salud y Belleza / Rasuradoras,0%,16
JC-12,(JC-12) Soporte para Celular con Luz LED y Micrófono,jc-12.jpg,$90.00,$60.00,$53.00,$50.00,60,Soportes para Celular / Selfie Stick,0%,60
JP-0806,(JP-0806) Teclado Bluetooth Macaron,jp-0806.jpg,$158.00,$105.00,$93.00,$88.00,50,Cómputo,0%,44
K-628,(K-628) Afilador de Cuchillos para Cocina,k-628.jpg,$30.00,$20.00,$18.00,$17.00,144,Hogar / Cocina / Utencilios,0%,306
KTS-1706,(KTS-1706) Bocina Bluetooth 4 Pulgadas + Lámpara 5W,kts-1706.jpg,$166.00,$111.00,$98.00,$92.00,40,"Bocinas / 4""",0%,9
KTS-2006,"(KTS-2006) Bocina Bluetooth RGB Radio FM 4"" OEM",kts-2006.jpg,$104.00,$69.00,$61.00,$58.00,60,"Bocinas / 4""",0%,12
LED-727,(LED-727) Ojos Led para Coche,led-727.jpg,$100.00,$67.00,$59.00,$56.00,100,Iluminación,0%,10
LED-733,(LED-733) Linterna de Seguridad para Bicicleta 5W,led-733.jpg,$24.00,$16.00,$14.00,$13.00,240,Iluminación,0%,210
LUD-089,(LUD-089) Serie de Luces LED de Estrella Luz Cálida 28 Leds/4M,lud-089.jpg,$43.00,$29.00,$25.00,$24.00,100,Hogar / Navidad / Iluminacion,0%,561
MR-072,(MR-072) Máquina Cortador De Cabello,mr-072.jpg,$240.00,$160.00,$141.00,$133.00,30,Salud y Belleza,0%,50
MR-075,(MR-075) Afeitadora Electrica Diseño Buda,mr-075.jpg,$64.00,$43.00,$38.00,$36.00,200,Salud y Belleza / Rasuradoras,0%,139
MR-112,(MR-112) Rasuradora Grabado Buda Multicolores,mr-112.jpg,$56.00,$37.00,$33.00,$31.00,100,Salud y Belleza,0%,35
MR-126,(MR-126) Máquina Rasuradora Eléctrica con Pantalla LCD Recargable,mr-126.jpg,$170.00,$113.00,$100.00,$94.00,60,Salud y Belleza,0%,60
MR-129,(MR-129) Máquina Para Cortar Cabello con Pantalla LED,mr-129.jpg,$160.00,$107.00,$94.00,$89.00,60,Salud y Belleza,0%,40
MR-133,(MR-133) Máquina Para Cortar Cabello,mr-133.jpg,$120.00,$80.00,$71.00,$67.00,100,Salud y Belleza,0%,139
MR-137P,(MR-137P) Rasuradora Eléctrica con 4 Peines,mr-137p.jpg,$170.00,$113.00,$100.00,$94.00,60,Salud y Belleza,0%,52
MR-138P,(MR-138P) Rasuradora Eléctrica con 4 Peines,mr-138p.jpg,$90.00,$60.00,$53.00,$50.00,100,Salud y Belleza,0%,89
MR-150,(MR-150) Rasuradora Eléctrica Recargable,mr-150.jpg,$130.00,$87.00,$76.00,$72.00,100,Salud y Belleza,0%,98
MR-155,(MR-155) Afeitadora Eléctrica Recargable,mr-155.jpg,$130.00,$87.00,$76.00,$72.00,100,Salud y Belleza / Rasuradoras,0%,48
MR-326,(MR-326) Plancha para Cabello 220°C,mr-326.jpg,$102.00,$68.00,$60.00,$57.00,100,Salud y Belleza,0%,70
MR-807,(MR-807) Parche Masajeador Eléctrico Recargable,mr-807.jpg,$32.00,$21.00,$19.00,$18.00,200,Salud y Belleza / Masajeadores,0%,294
MR-829S,(MR-829S) Cepillo Dental Eléctrico,mr-829s.jpg,$60.00,$40.00,$35.00,$33.00,200,Salud y Belleza,0%,72
MR-913,(MR-913) Calentador de Cera Caliente Eléctrica,mr-913.jpg,$150.00,$100.00,$88.00,$83.00,60,Salud y Belleza,0%,50
MR-917,(MR-917) Pistola de Masaje con 6 Velocidades y 4 Cabezales,mr-917.jpg,$160.00,$107.00,$94.00,$89.00,40,Salud y Belleza / Masajeadores,0%,16
MR-927,(MR-927) Dispositivo Masajeador Facial con Esferas Metálicas,mr-927.jpg,$80.00,$53.00,$47.00,$44.00,100,Salud y Belleza,0%,88
MR-980,(MR-980) Par de Micrófonos Inalámbricos Recargables,mr-980.jpg,$330.00,$220.00,$194.00,$183.00,30,Bocinas,0%,17
PZ-551,(PZ-551) Atomizador de Aceite de Cocina,pz-551.jpg,$50.00,$33.00,$29.00,$28.00,80,Hogar / Cocina,0%,39
SOP-1070,(SOP-1070) Soporte Plegable Magnético para Telefono,sop-1070.jpg,$38.00,$25.00,$22.00,$21.00,200,Soportes para Celular,0%,159
SOP-1077,(SOP-1077) Soporte Metálico Giratorio para Celular,sop-1077.jpg,$100.00,$67.00,$59.00,$56.00,50,Soportes para Celular,0%,32
ST-A002,(ST-A002) Audífonos Bluetooth Inalámbricos,st-a002.jpg,$100.00,$67.00,$59.00,$56.00,100,Audífonos,0%,78
ST-A009,(ST-A009) Audífonos Bluetooth Inalámbricos,st-a009.jpg,$110.00,$73.00,$65.00,$61.00,100,Audífonos,0%,81
ST-A020,(ST-A020) Audífonos Bluetooth Inalámbricos,st-a020.jpg,$90.00,$60.00,$53.00,$50.00,100,Audífonos / Bluetooth,0%,51
ST-A024,(ST-A024) Audífonos Bluetooth Inalámbricos,st-a024.jpg,$114.00,$76.00,$67.00,$63.00,100,Audífonos,0%,97
ST-A026,(ST-A026) Audífonos Bluetooth Inalámbricos,st-a026.jpg,$106.00,$71.00,$62.00,$59.00,100,Audífonos,0%,71
ST-W125,(ST-W125) Audífonos Bluetooth con Estuche de Carga,st-w125.jpg,$76.00,$51.00,$45.00,$42.00,100,Audífonos / Bluetooth,0%,123
ST-W130,(ST-W130) Audífonos Inalámbricos TWS y Estuche Power Bank,st-w130.jpg,$72.00,$48.00,$42.00,$40.00,100,Audífonos,0%,90
ST-W133,(ST-W133) Audífonos Bluetooth con Estuche de Carga,st-w133.jpg,$80.00,$53.00,$47.00,$44.00,100,Audífonos / Bluetooth,0%,80
ST-W137,(ST-W137) Audífonos Inalámbricos TWS con Diseño de Esfera,st-w137.jpg,$90.00,$60.00,$53.00,$50.00,100,Audífonos / Bluetooth,0%,40
ST-W139,(ST-W139) Audífonos Bluetooth TWS,st-w139.jpg,$100.00,$67.00,$59.00,$56.00,100,Audífonos / Bluetooth,0%,21
TK-2575,(TK-2575) Cámara DVR HD 1080P para Auto,tk-2575.jpg,$310.00,$207.00,$182.00,$172.00,50,Ferretería,0%,217
TWS-7303,(TWS-7303) Audifonos Bluetooth M90 Pro,tws-7303.jpg,$74.00,$54.00,$48.00,$45.00,100,Audífonos / Bluetooth,0%,30
TY-Q129,(TY-Q129) Pelota d Diseño para Niños,ty-q129.jpg,$7.00,$6.00,$5.00,$4.00,600,Juguetes,0%,575
WJV-4111,(WJV-4111) Cactus Bailarín,wjv-4111.jpg,$79.00,$58.00,$51.00,$48.00,100,Juguetes,0%,68
WKS-561,(WKS-561) Bocina Bluetooth Estilo Megáfono,wks-561.jpg,$130.00,$87.00,$76.00,$72.00,80,Bocinas,0%,42
XT-9921,(XT-9921) Cinta Invisible para Pecho (Boob Tape),xt-9921.jpg,$38.00,$25.00,$22.00,$21.00,200,Salud y Belleza,0%,153
YF-112,(YF-112) Cargador de Celular para Motocicleta,yf-112.jpg,$68.00,$45.00,$40.00,$38.00,100,Cargadores,0%,165
YJ-817,(YJ-817) Impermeable Infantil,yj-817.jpg,$36.00,$24.00,$21.00,$20.00,150,Hogar,0%,141
YXJ-1508,(YXJ-1508) Control Bluetooth para PS3,yxj-1508.jpg,$176.00,$117.00,$104.00,$98.00,50,Entretenimiento / Controles,0%,28
ZJD-903,(ZJD-903) Set de Manicura con 6 en 1,zjd-903.jpg,$38.00,$25.00,$22.00,$21.00,200,Salud y Belleza,0%,47
ZJD-911,(ZJD-911) Paquete de 12 Cortauñas Premium,zjd-911.jpg,$110.00,$73.00,$65.00,$61.00,50,Salud y Belleza,0%,45
CH-M232,Bocina Bluetooth Con Luces,ch-m232.jpg,$116.00,$77.00,$68.00,$64.00,80,Bocinas / Diseño,0%,75
G105,Bocina De Diseno,g105.jpg,$176.00,$117.00,$104.00,$98.00,50,Bocinas / Diseño,0%,46
GTS-1498,Bocina Inalámbrica con Diseño Circular e Iluminación Led,gts-1498.jpg,$106.00,$71.00,$62.00,$59.00,100,Bocinas / Diseño,0%,87
GTS-1732,Bocina Portátil con Luces Led y Correa de Mano,gts-1732.jpg,$84.00,$56.00,$49.00,$47.00,100,Bocinas / Diseño,0%,71
G81,Lámpara Proyectora con Diseño de Astronauta,g81.jpg,$90.00,$60.00,$53.00,$50.00,100,Bocinas / Diseño,0%,86
MR-157,(MR-157) Afeitador de Mujer,mr-157.jpg,$160.00,$107.00,$94.00,$89.00,60,Salud y Belleza / Rasuradoras,0%,25
MR-158,(MR-158) Maquina Para Afeitar,mr-158.jpg,$130.00,$87.00,$76.00,$72.00,100,Salud y Belleza / Rasuradoras,0%,31
MR-159,(MR-159) Maquina Para Afeitar,mr-159.jpg,$100.00,$67.00,$59.00,$56.00,100,Salud y Belleza / Rasuradoras,0%,68
MR-331,(MR-331) Rizador de Cabello,mr-331.jpg,$120.00,$80.00,$71.00,$67.00,50,Salud y Belleza,0%,13
MR-819,(MR-819) Masajeador Electrico de 3 cabezas,mr-819.jpg,$56.00,$37.00,$33.00,$31.00,120,Salud y Belleza / Masajeadores,0%,6
MR-935,(MR-935) Masajeador Multifuncional Corporal,mr-935.jpg,$140.00,$93.00,$82.00,$78.00,100,Salud y Belleza,0%,19
MULTI-23,(MULTI-23) Barra Multicontacto con 6 Enchufes,multi-23.jpg,$54.00,$36.00,$32.00,$30.00,120,Hogar,0%,67
MWQ-0106,(MWQ-0106) Lámpara Mata Mosquitos,mwq-0106.jpg,$52.00,$38.00,$34.00,$32.00,100,Hogar,0%,21
QB-2611,(QB-2611) Mini Bomba de Aire Eléctrica,qb-2611.jpg,$170.00,$113.00,$100.00,$94.00,40,Ferretería,0%,74
QB-2615,(QB-2615) Compresor de Aire Portátil,qb-2615.jpg,$340.00,$227.00,$200.00,$189.00,48,Ferretería,0%,27
QB-2616,(QB-2616) Bomba de Aire Eléctrica Portátil,qb-2616.jpg,$300.00,$200.00,$176.00,$167.00,40,Ferretería,0%,40
TB-6803,(TB-6803) Reloj Watch 8 Pro Max,tb-6803.jpg,$164.00,$120.00,$106.00,$100.00,100,Smartwatch,0%,32
TR-6003,(TR-6003) Audífonos Bluetooth Colores,tr-6003.jpg,$59.00,$43.00,$38.00,$36.00,100,Audífonos / Bluetooth,0%,65
TR-6010,(TR-6010) Audífonos Bluetooth con Estuche de Carga,tr-6010.jpg,$58.00,$42.00,$37.00,$35.00,100,Audífonos / Bluetooth,0%,7
GAR136A-800,(GAR136A-800) Paquete de 4 Pilas Alcalinas AA,gar136a-800.jpg,$22.00,$15.00,$13.00,$12.00,200,1HORA / Cargadores,0%,224
GAR135A-800,(GAR135A-800) Paquete de 4 Pilas Alcalinas AAA,gar135a-800.jpg,$14.00,$10.00,$9.00,$8.00,200,1HORA,0%,150
CAB164N,(CAB164N) Cable Tipo C 1 Metro 2.1A Negro,cab164n.jpg,$20.00,$13.00,$12.00,$11.00,200,1HORA / Cables,0%,195
CSQ-LED-01,(CSQ-LED-01) Dispensador de Agua Automático,csq-led-01.jpg,$64.00,$43.00,$38.00,$36.00,32,Hogar / Cocina,0%,12
MULTI-29,(MULTI-29) Extensión Eléctrica de 5m,multi-29.jpg,$32.00,$21.00,$19.00,$18.00,100,Hogar,0%,40
SJ-2505,(SJ-2505) Candado de Alta Resistencia de 40mm,sj-2505.jpg,$32.00,$22.00,$19.00,$18.00,120,Hogar,0%,42
KTF-1650,Bocina*Am*Fm,ktf-1650.jpg,$236.00,$157.00,$139.00,$131.00,40,Bocinas / Diseño,0%,10
AIRPODS PRO 2 ANC TIPO C,(AIRPODS PRO 2 ANC TIPO C) Audifonos Tipo Airpods Pro 2 Gen ANC Tipo C,airpods pro 2 anc tipo c.jpg,$220.00,$147.00,$129.00,$122.00,100,Renombre / Audífonos / Bluetooth,0%,10
AZMQ028,(AZMQ028) Lámpara Cubo LED con Tulipanes,azmq028.jpg,$44.00,$29.00,$26.00,$24.00,100,Iluminación,0%,6
CFJ-109,(CFJ-109) Cepillo Secador 3 en 1 para Cabello,cfj-109.jpg,$164.00,$109.00,$96.00,$91.00,30,Salud y Belleza,0%,21
CH-J2108,(CH-J2108) Bocina Portátil con Panel de Luz Frontal,ch-j2108.jpg,$86.00,$57.00,$51.00,$48.00,100,Bocinas / Diseño,0%,63
DP-1032,(DP-1032) Aro de Luz 12 Pulgadas Luz Blanca,dp-1032.jpg,$110.00,$73.00,$65.00,$61.00,30,Iluminación / Aro de Luz,0%,46
EM26W24,(EM26W24) Lámpara de Emergencia 24W,em26w24.jpg,$84.00,$56.00,$49.00,$47.00,60,Iluminación / Focos / LED,0%,34
GTS-1345,"(GTS-1345) Bocina Bluetooth de 3"" con Luz LED",gts-1345.jpg,$54.00,$36.00,$32.00,$30.00,80,"Bocinas / 3""",0%,161
HVV-00212,"(HVV-00212) Aro de Luz Blanca de 12""",hvv-00212.jpg,$131.00,$96.00,$85.00,$80.00,30,"Iluminación / Aro de Luz / Luz Blanca / 12""",0%,79
JBL-A35,(JBL-A35) Diadema Bluetooth JBL A35,jbl-a35.jpg,$290.00,$193.00,$171.00,$161.00,60,Renombre / Audífonos / Diademas,0%,19
JC-09,(JC-09) Tripie y Selfie Stick 360° con Mini Control Remoto,jc-09.jpg,$52.00,$35.00,$31.00,$29.00,100,Soportes para Celular / Selfie Stick,0%,98
TR-6001,(TR-6001) Audifono Bluetooth i12 con Estuche de Carga,tr-6001.jpg,$52.00,$38.00,$34.00,$32.00,100,Audífonos / Bluetooth,0%,33
TR-6005,(TR-6005) Audifono Bluetooth 6S Pro,tr-6005.jpg,$82.00,$60.00,$53.00,$50.00,100,Audífonos / Bluetooth,0%,73
TXD-26,(TXD-26) Rastrillo con 11 Repuestos Triple Hoja,txd-26.jpg,$44.00,$29.00,$26.00,$24.00,144,Salud y Belleza,0%,7
XR-3158,(XR-3158) Audifonos Alambricos Jack 3.5mm,xr-3158.jpg,$7.00,$5.00,$4.50,$4.00,500,Audífonos / Alámbricos,0%,100
YJ-2607,(YJ-2607) Paraguas de 10 huesos,yj-2607.jpg,$60.00,$40.00,$35.00,$33.00,100,Hogar,0%,43
AUDIFONOS PRO 2DA LIGHTNING,(AUDIFONOS PRO 2DA LIGHTNING) Audifonos Tipo Airpods Pro 2da Gen,audifonos pro 2da lightning.jpg,$170.00,$113.00,$100.00,$94.00,100,Renombre / Audífonos / Bluetooth,0%,99
AZMQ059,(AZMQ059) Puntero Laser,azmq059.jpg,$76.00,$51.00,$45.00,$42.00,100,Iluminación,0%,26
DNSD-9219,(DNSD-9219) Mouse Inalámbrico de 3200 DPI,dnsd-9219.jpg,$60.00,$40.00,$35.00,$33.00,200,Cómputo / Mouse,0%,7
FM-5501,(FM-5501) Bocina Bluetooth Xtreem 4 Mini,fm-5501.jpg,$327.00,$240.00,$212.00,$200.00,30,Bocinas,0%,20
FS-2210,(FS-2210) Cable USB - Lightning IP8,fs-2210.jpg,$13.00,$10.00,$9.00,$8.00,"1,000",Renombre / Cables,0%,533
ZN-1643,(ZN-1643) SmartWatch Nike S11,zn-1643.jpg,$380.00,$253.00,$224.00,$211.00,100,Renombre,0%,13
GOM-DU,Gomitas Durazno 20gr.,gom-du.jpg,$19.99,$9.99,$8.99,$8.50,240,Todo,0%,687
GOM-MAN,Gomitas Mango 20gr.,gom-man.jpg,$19.99,$9.99,$8.99,$8.50,240,Todo,0%,1334
GOM-UVER,Gomitas Uva Verde 20gr.,gom-uver.jpg,$19.99,$9.99,$8.99,$8.50,240,Todo,0%,793
GOM-UMOR,Gomitas Uva Morada 20gr.,gom-umor.jpg,$19.99,$9.99,$8.99,$8.50,240,Todo,0%,965
JC-25,Luz LED Recargable con Clip para Video,jc-25.jpg,$48.00,$32.00,$28.00,$27.00,200,Accesorios para Celular,0%,137
AIRPODS 3 GEN,(AIRPODS 3 GEN) Audifonos Bluetooth Tipo Airpods 3 Gen,airpods 3 gen.jpg,$170.00,$113.00,$100.00,$94.00,100,Renombre / Audífonos / Bluetooth,0%,65
CFJ-113,(CFJ-113) Secadora de Cabello de 2000W,cfj-113.jpg,$210.00,$140.00,$124.00,$117.00,50,Salud y Belleza,0%,42
GTS-2065,"(GTS-2065) Bocina Bluetooth 6.5"" + Micrófono Inalámbrico",gts-2065.jpg,$258.00,$172.00,$152.00,$143.00,20,Bocinas,0%,11
JSQC-001,(JSQC-001) Set de 3 Bandas Deportivas de Resistencia,jsqc-001.jpg,$52.00,$35.00,$31.00,$29.00,120,Salud y Belleza / Ejercicio,0%,85
MR-131P,(MR-131P) Afeitadora,mr-131p.jpg,$90.00,$60.00,$53.00,$50.00,100,Salud y Belleza,0%,41
MR-712,(MR-712) Depilador de Cejas,mr-712.jpg,$50.00,$33.00,$29.00,$28.00,200,Salud y Belleza / Rasuradoras,0%,14
MR-713,(MR-713) Depilador Femenino 2 en 1,mr-713.jpg,$92.00,$61.00,$54.00,$51.00,200,Salud y Belleza / Rasuradoras,0%,81
MR-891,(MR-891) Micrófonos Dobles Inalámbricos MR-891,mr-891.jpg,$242.00,$193.00,$171.00,$161.00,100,Accesorios para Celular,0%,7
WJ-ZC131,(WJ-ZC131) Set Para Pulseras,wj-zc131.jpg,$42.00,$28.00,$25.00,$23.00,120,Juguetes,0%,82
WJ-ZC132,(WJ-ZC132) Kit de Cuentas y Accesorios para Pulseras,wj-zc132.jpg,$56.00,$37.00,$33.00,$31.00,120,Todo,0%,16
ZSD-575,(ZSD-575) Tira de Luces LED de 1M,zsd-575.jpg,$46.00,$31.00,$27.00,$26.00,200,Iluminación / Tiras LED,0%,199
ZSD-576,(ZSD-576) Tira de Luces LED 2M,zsd-576.jpg,$64.00,$43.00,$38.00,$36.00,200,Iluminación / Tiras LED,0%,93
ZSD-577,(ZSD-577) Tira de Luces LED 3M,zsd-577.jpg,$80.00,$53.00,$47.00,$44.00,200,Iluminación / Tiras LED,0%,175
ZSD-578,(ZSD-578) Tira de Luces LED 5M,zsd-578.jpg,$126.00,$84.00,$74.00,$70.00,100,Iluminación / Tiras LED,0%,45
AZJ-80501,(AZJ-80501) Soporte con Diseño de Sombrilla para Bicicleta,azj-80501.jpg,$90.00,$66.00,$58.00,$55.00,100,Soportes para Celular / Moto,0%,35
BH-21277,(BH-21277) Banda de Resistencia para Yoga,bh-21277.jpg,$32.00,$21.00,$19.00,$18.00,200,Salud y Belleza,0%,89
CAB-018,(CAB-018) Cable USB a C,cab-018.jpg,$11.00,$8.00,$7.00,$6.00,500,Cables / T-C,0%,314
CH-J2128,"(CH-J2128) Bocina Bluetooth TWS, Resistente a Salpicaduras y Luz LED",ch-j2128.jpg,$370.00,$247.00,$218.00,$206.00,20,Bocinas,0%,11
CH-J2129,"(CH-J2129) Bocina Bluetooth TWS, Resistente a Salpicaduras y Luz LED",ch-j2129.jpg,$330.00,$220.00,$194.00,$183.00,30,Bocinas,0%,18
CH-J2142,(CH-J2142) Bocina con Diseño de Balón,ch-j2142.jpg,$176.00,$117.00,$104.00,$98.00,80,Bocinas / Diseño,0%,122
CH-J2154,(CH-J2154) Mochila Riñonera con Bocina Bluetooth 5W y Luces LED,ch-j2154.jpg,$290.00,$193.00,$171.00,$161.00,40,Bocinas / Diseño,0%,461
CH-J2172,(CH-J2172) Bocina Bluetooth 5W,ch-j2172.jpg,$116.00,$77.00,$68.00,$64.00,60,Bocinas,0%,37
COMBO 14 PM,(COMBO 14 PM) Combo Tipo IP 14 Promax 20W,combo 14 pm.jpg,$44.00,$29.00,$26.00,$24.00,300,Renombre / Combo Cargador,0%,31
EM161,(EM161) Lámpara Solar,em161.jpg,$80.00,$53.00,$47.00,$44.00,100,Iluminación / Panel Solar,0%,31
EM163,(EM163) Lámpara con Panel Solar,em163.jpg,$94.00,$63.00,$55.00,$52.00,100,Iluminación / Panel Solar,0%,62
GTS-2085,"(GTS-2085) Bocina Bluetooth de 3""*2",gts-2085.jpg,$166.00,$111.00,$98.00,$92.00,40,"Bocinas / 3""",0%,45
HZJ-912,(HZJ-912) Espejo Circular con Luz LED,hzj-912.jpg,$92.00,$61.00,$54.00,$51.00,40,Salud y Belleza,0%,9
JS-9638,(JS-9638) Calculadora Básica de 12 Dígitos Colores Pasteles,js-9638.jpg,$90.00,$60.00,$53.00,$50.00,120,Hogar,0%,85
JS-9639,(JS-9639) Calculadora Básica de 12 Dígitos Colores Pasteles,js-9639.jpg,$70.00,$47.00,$41.00,$39.00,144,Hogar,0%,54
MR-928,"(MR-928) Bomba Inflable Eléctrica para Llantas de Auto, Moto y Bici",mr-928.jpg,$320.00,$213.00,$188.00,$178.00,30,Hogar,0%,121
TL1542N22B,(TL1542N22B) Soporte para TV de 15 a 42 Pulgadas,tl1542n22b.jpg,$95.00,$63.00,$56.00,$53.00,20,Hogar / Soportes para TV,0%,75
ACC-20201,(ACC-20201) Transmisor Bluetooth,acc-20201.jpg,$43.00,$31.00,$28.00,$26.00,200,Transmisores,0%,50
EM21,(EM21) Lámpara LED de Emergencia Recargable USB o Panel Solar,em21.jpg,$84.00,$56.00,$50.00,$47.00,100,Iluminación,0%,22
JSL-7006,(JSL-7006) Funda Flotante Para Celular Contra El Agua,jsl-7006.jpg,$20.00,$16.00,$14.00,$12.50,500,Accesorios para Celular,0%,24
LSD-6131,(LSD-6131) Kit De Desarmadores Para Celular,lsd-6131.jpg,$69.00,$50.00,$44.00,$42.00,120,Accesorios para Celular,0%,54
SOP-1071,(SOP-1071) Soporte para Celular con Sombrilla,sop-1071.jpg,$90.00,$60.00,$53.00,$50.00,100,Soportes para Celular,0%,28
TB-6317,(TB-6317) Smarwatch Macaron,tb-6317.jpg,$54.00,$40.00,$35.00,$33.00,100,Smartwatch,0%,7
B03W10,(B03W10) Foco Bombilla Led 10W Luz Fria,b03w10.jpg,$9.00,$7.00,$6.00,$5.00,100,Iluminación / Focos / LED,0%,1440
B1442N07B,"(B1442N07B) Soporte Movible Para Tv De 14"" a 42""",b1442n07b.jpg,$148.00,$99.00,$87.00,$82.00,10,Hogar / Soportes para TV,0%,17
FA028,(FA028) Dispensador de agua recargable,fa028.jpg,$53.00,$35.00,$31.00,$29.00,100,Hogar / Cocina,0%,91
FH-255,(FH-255) Juego de Lonchera Térmica,fh-255.jpg,$240.00,$160.00,$141.00,$133.00,40,Hogar / Cocina,0%,15
FM-5129,(FM-5129) Bocina Bluetooth Flip 6,fm-5129.jpg,$230.00,$168.00,$148.00,$140.00,60,Bocinas,0%,22
LED-737,(LED-737) Lámpara Táctil con Diseño de Estrella,led-737.jpg,$120.00,$80.00,$71.00,$67.00,60,Iluminación / Lámparas / De Escritorio,0%,16
MR-885,(MR-885) Depilador Eléctrico 4 en 1 con Cabezales Intercambiables,mr-885.jpg,$170.00,$113.00,$100.00,$94.00,120,Salud y Belleza,0%,44
MR-932,(MR-932) Estuche con Kit de Costura,mr-932.jpg,$58.00,$39.00,$34.00,$32.00,100,Hogar,0%,8
PZ-537,(PZ-537) Spray de Aceite de 100ml,pz-537.jpg,$26.00,$17.00,$15.00,$14.00,100,Hogar / Cocina / Utencilios,0%,73
TL2663N18C,"(TL2663N18C) Soporte Fijo para Tv 26"" a 63""",tl2663n18c.jpg,$88.00,$59.00,$52.00,$49.00,20,Hogar / Soportes para TV,0%,11
AT15M04,(AT15M04) Antena Digital UHF para Interiores,at15m04.jpg,$23.00,$15.00,$14.00,$13.00,200,Hogar,0%,212
ATA-50105,(ATA-50105) Audífonos Alámbricos Tipo C,ata-50105.jpg,$30.00,$22.00,$19.00,$18.00,200,Audífonos / Alámbricos,0%,9
ATA-50331,(ATA-50331) Auriculares de Cable Tipo C,ata-50331.jpg,$30.00,$22.00,$19.00,$18.00,300,Audífonos / Alámbricos,0%,20
BOCINA X1,(BOCINA X1) Mini Bocina Bluetooth Portátil,bocina x1.jpg,$32.00,$21.00,$19.00,$18.00,200,Bocinas / Diseño,0%,191
CABLE IP 15 1M IP C A C,(CABLE IP 15 1M IP C A C) Cable iPhone 15 C a C,cable ip 15 1m ip c a c.jpg,$24.00,$16.00,$14.00,$13.00,"1,000",Renombre / Cables / T-C,0%,131
GTS-2092,(GTS-2092) Bocina De Diseño,gts-2092.jpg,$128.00,$85.00,$75.00,$71.00,60,Bocinas / Diseño,0%,11
HVV-00214,"(HVV-00214) Aro de Luz Blanca de 14""",hvv-00214.jpg,$196.00,$144.00,$127.00,$120.00,20,"Iluminación / Aro de Luz / Luz Blanca / 14""",0%,12
INHD06,"(INHD06) Antena para Interiores UHF con Base Magnética, 5dBi, 360°",inhd06.jpg,$34.00,$23.00,$20.00,$19.00,100,Hogar / Otros,0%,87
KTS-1513,(KTS-1513) Bocina Bluetooth 4 Pulgadas + Microfono,kts-1513.jpg,$166.00,$111.00,$98.00,$92.00,30,"Bocinas / 4""",0%,10
MCM-009,"(MCM-009) Musicord Bocina Bluetooth 2"" LED",mcm-009.jpg,$80.00,$53.00,$47.00,$44.00,50,"Bocinas / 2""",0%,40
R18W30MM30,(R18W30MM30) Reflector LED de 30W (Equivalencia 300W),r18w30mm30.jpg,$70.00,$47.00,$41.00,$39.00,40,Iluminación / Reflectores,0%,12
S72W40,(S72W40) Foco Retráctil de Emergencia 40W,s72w40.jpg,$60.00,$40.00,$35.00,$33.00,100,Iluminación,0%,32
SA428T,(SA428T) Bocina Bluetooth 4 Pulgadas + Microfono,sa428t.jpg,$150.00,$100.00,$88.00,$83.00,40,"Bocinas / 4""",0%,15
SA8067T,(SA8067T) Bocina Bluetooth 8 Pulgadas 10w,sa8067t.jpg,$324.00,$216.00,$191.00,$180.00,12,"Bafles / 6""",0%,10
SB419T,(SB419T) Bocina Bluetooth de 4 x2 Pulgadas 5w,sb419t.jpg,$210.00,$140.00,$124.00,$117.00,20,"Bocinas / 4x2""",0%,13
TB-6319,(TB-6319) Reloj T55 + Dos Correas Deportivas,tb-6319.jpg,$98.00,$72.00,$64.00,$60.00,100,Smartwatch / Combo,0%,66
TL1412N17C,"(TL1412N17C) Soporte De Pared Para Tv 14"" - 43""",tl1412n17c.jpg,$52.00,$35.00,$31.00,$29.00,30,Hogar / Soportes para TV,0%,92
TY-9011,(TY-9011) Cable Auxiliar 1 Metro 3.5mm a 3.5mm,ty-9011.jpg,$7.00,$5.00,$4.00,$4.00,"1,000",Cables / Auxiliar,0%,793
VB355T,(VB355T) Bocina Bluetooth 3 x2 Pulgadas 5w,vb355t.jpg,$120.00,$80.00,$71.00,$67.00,40,"Bocinas / 3x2""",0%,18
2835RGB,(2835RGB) Tira Led Multicolor 5M,2835rgb.jpg,$80.00,$53.00,$47.00,$44.00,60,Iluminación / Tiras LED,0%,71
AIRPODS 4TA GEN,(AIRPODS 4TA GEN) Air Pods 4ta Gen,airpods 4ta gen.jpg,$180.00,$120.00,$106.00,$100.00,100,Renombre / Audífonos / Bluetooth,0%,39
AJ09-39,"(AJ09-39) Pizarrón Mágico LCD 10.5""",aj09-39.jpg,$42.00,$28.00,$25.00,$23.00,50,Juguetes,0%,119
AUDIFONOS PRO 2DA TIPO C,(AUDIFONOS PRO 2DA TIPO C) Audifonos Tipo Airpods Pro 2da Gen Tc,audifonos pro 2da tipo c.jpg,$180.00,$120.00,$106.00,$100.00,100,Renombre / Audífonos / Bluetooth,0%,76
AZMQ020,(AZMQ020) Lámpara Touch de Luna 3D con 12 Colores y Control Remoto,azmq020.jpg,$214.00,$143.00,$126.00,$120.00,24,Iluminación,0%,20
BT-8020,(BT-8020) Mini Teclado Inalámbrico con Panel Táctil,bt-8020.jpg,$90.00,$60.00,$53.00,$50.00,100,Cómputo,0%,99
CAB272B,(CAB272B) Cable Tipo C a C 1 Metro 3A,cab272b.jpg,$28.00,$18.00,$16.00,$15.00,300,1HORA / Cables,0%,101
CAR-PD70,(CAR-PD70) Cubo Cargador USB-C PD 20w Max,car-pd70.jpg,$42.00,$28.00,$25.00,$24.00,200,Cargadores / Cubo,0%,137
CAR-PD93,(CAR-PD93) Cargador de Carga Súper Rápida de 20W Tipo C,car-pd93.jpg,$60.00,$40.00,$36.00,$34.00,200,Cargadores,0%,175
CH-J2054,(CH-J2054) Bocina Bluetooth con Diseño de Automóvil y Panel Solar,ch-j2054.jpg,$210.00,$140.00,$124.00,$117.00,40,Bocinas,0%,38
CH-J2055,(CH-J2055) Bocina Bluetooth con Diseño de Auto y Luz LED,ch-j2055.jpg,$238.00,$159.00,$140.00,$133.00,40,Bocinas,0%,60
CH-J2067,(CH-J2067) Bocina De Diseno,ch-j2067.jpg,$250.00,$167.00,$147.00,$139.00,30,Bocinas / Diseño,0%,12
CH-J2068,(CH-J2068) Bocina Cilíndrica Bluetooth,ch-j2068.jpg,$520.00,$347.00,$306.00,$289.00,20,Bocinas / Diseño,0%,15
CH-J2070,(CH-J2070) Bocina De Diseno,ch-j2070.jpg,$516.00,$344.00,$304.00,$286.00,30,Bocinas / Diseño,0%,14
CH-J2071,(CH-J2071) Bocina De Diseno,ch-j2071.jpg,$380.00,$253.00,$224.00,$211.00,24,Bocinas / Diseño,0%,17
CH-J2077,(CH-J2077) Bocinas De Diseño,ch-j2077.jpg,$110.00,$73.00,$65.00,$62.00,50,Bocinas / Diseño,0%,11
CH-J2078,"(CH-J2078) Bocina Bluetooth TWS, Resistente al Agua y Luz RGB",ch-j2078.jpg,$144.00,$96.00,$85.00,$80.00,80,Bocinas,0%,8
CH-J2083,(CH-J2083) Bocina Bluetooth TWS con Diseño de Motocicleta,ch-j2083.jpg,$170.00,$114.00,$100.00,$95.00,40,Bocinas,0%,14
CH-J2111,(CH-J2111) Bocina Bluetooth 2 en 1 con Imán,ch-j2111.jpg,$546.00,$364.00,$322.00,$304.00,30,Bocinas,0%,25
CH-J2116,(CH-J2116) Bocina De Diseno,ch-j2116.jpg,$72.00,$48.00,$42.00,$40.00,100,Bocinas / Diseño,0%,55
CH-J2125,(CH-J2125) Bocina Bluetooth TWS con Luz LED,ch-j2125.jpg,$210.00,$154.00,$136.00,$128.00,30,Bocinas,0%,8
CH-J2132,(CH-J2132) Bocina Bluetooth Portátil con TWS y Luz RGB,ch-j2132.jpg,$156.00,$104.00,$92.00,$87.00,50,Bocinas,0%,16
CH-J2139,(CH-J2139) Reloj Despertador con Bocina Bluetooth TWS,ch-j2139.jpg,$330.00,$220.00,$195.00,$184.00,20,Bocinas,0%,16
CH-J2149,(CH-J2149) Bocina Bluetooth TWS y Luz RGB,ch-j2149.jpg,$370.00,$247.00,$218.00,$206.00,30,Bocinas,0%,20
CH-J2171,(CH-J2171) Bocina Bluetooth con Diseño de Automóvil y Función TWS,ch-j2171.jpg,$238.00,$159.00,$140.00,$132.00,40,Bocinas,0%,30
CH-J2173,(CH-J2173) Bocina Bluetooth Portátil 5W,ch-j2173.jpg,$84.00,$56.00,$49.00,$47.00,100,Bocinas / Diseño,0%,37
CH-J2176,(CH-J2176) Bocina Bluetooth de Diseño con Agarradera,ch-j2176.jpg,$102.00,$68.00,$60.00,$57.00,50,Bocinas / Diseño,0%,38
CW-2057,(CW-2057) Plato de Alimentación Lenta para Mascotas,cw-2057.jpg,$66.00,$44.00,$39.00,$37.00,60,Hogar / Mascotas,0%,24
DNSD-9210,(DNSD-9210) Mouse con Luz LED,dnsd-9210.jpg,$25.00,$17.00,$15.00,$14.00,200,Cómputo,0%,65
DNSD-9215,(DNSD-9215) Mouse Inalámbrico Bluetooth de 1200 dpi,dnsd-9215.jpg,$72.00,$45.00,$42.00,$40.00,150,Cómputo / Mouse,0%,18
DNSD-9301,(DNSD-9301) Teclado,dnsd-9301.jpg,$256.00,$171.00,$151.00,$144.00,20,Cómputo,0%,11
DNSD-9310,(DNSD-9310) Teclado,dnsd-9310.jpg,$198.00,$132.00,$116.00,$110.00,50,Cómputo,0%,42
DZ-329,(DZ-329) Banco Plegable,dz-329.jpg,$200.00,$133.00,$118.00,$112.00,20,Hogar,0%,6
EM136,(EM136) Lámpara Solar de Pared con Sensor de Movimiento,em136.jpg,$90.00,$60.00,$53.00,$50.00,120,Iluminación,0%,83
EM139,(EM139) Lámpara Solar para Exterior de 100W,em139.jpg,$260.00,$174.00,$153.00,$145.00,28,Iluminación,0%,16
EM155,(EM155) Caja de Herramientas con Linterna y Power Bank,em155.jpg,$250.00,$167.00,$147.00,$139.00,72,Ferretería,0%,16
EM25,(EM25) Lámpara con Sensor de Movimiento,em25.jpg,$36.00,$24.00,$21.00,$20.00,200,Iluminación,0%,8
EM30,(EM30) Foco Inteligente E27 con Modo de Luz Blanca y RGB,em30.jpg,$74.00,$49.00,$44.00,$42.00,100,Iluminación,0%,118
EM50,(EM50) Lampara LED de Emergencia 20w,em50.jpg,$76.00,$51.00,$45.00,$42.00,100,Iluminación / Focos / LED,0%,38
EM52,(EM52) Luces LED de Emergencia,em52.jpg,$92.00,$61.00,$55.00,$51.00,100,Iluminación / Focos / LED,0%,55
EM53,(EM53) Lámpara de Escritorio Recargable con Clip,em53.jpg,$118.00,$79.00,$70.00,$66.00,90,Iluminación,0%,49
GJ-321,(GJ-321) Kit Destornillador Portátil,gj-321.jpg,$36.00,$24.00,$22.00,$20.00,120,Ferretería,0%,10
GJ-323,(GJ-323) Kit Destornillador Portátil,gj-323.jpg,$30.00,$20.00,$18.00,$17.00,120,Ferretería,0%,67
GJ-361,(GJ-361) Kit Automotriz para Discos de Frenos,gj-361.jpg,$300.00,$200.00,$176.00,$167.00,10,Ferretería,0%,13
GTS-1630,"(GTS-1630) Bocina Bluetooth 8"" con Ruedas",gts-1630.jpg,$470.00,$313.00,$276.00,$261.00,8,"Bafles / 8""",0%,7
GTS-2047,"(GTS-2047) Bocina Bluetooth de 8"" con Luz LED + Micrófono",gts-2047.jpg,$498.00,$332.00,$293.00,$277.00,8,"Bafles / 8""",0%,6
GTS-2136,"(GTS-2136) Bocina Bluetooth 8"" con Micrófono Inalámbrico",gts-2136.jpg,$392.00,$261.00,$231.00,$218.00,12,Bocinas,0%,12
GTS-2137,"(GTS-2137) Bocina Bluetooth 8"" con Micrófono Inalámbrico",gts-2137.jpg,$360.00,$240.00,$212.00,$200.00,12,Todo,0%,9
GTS-2140,(GTS-2140) Bocina TWS con Diseño de Puerquito,gts-2140.jpg,$110.00,$74.00,$65.00,$62.00,100,Bocinas,0%,88
GTS-2349,"(GTS-2349) Bocina Bluetooth 4"" con Micrófono Inalámbrico",gts-2349.jpg,$170.00,$113.00,$100.00,$95.00,40,"Bocinas / 4""",0%,24
GTS-2358,"(GTS-2358) Bocina Bluetooth de 3"" con Luz RGB + Micrófono",gts-2358.jpg,$300.00,$200.00,$177.00,$167.00,24,"Bocinas / 3""",0%,16
GTS-2455,"(GTS-2455) Bocina Bluetooth de 8"" + Micrófono",gts-2455.jpg,$440.00,$293.00,$259.00,$245.00,12,"Bafles / 8""",0%,11
GTS-2485,(GTS-2485) Mini Bocina Bluetooth,gts-2485.jpg,$70.00,$47.00,$41.00,$39.00,120,Bocinas / Diseño,0%,71
GTS-2555,(GTS-2555) Bocina Bluetooth con Luz LED y Micrófono,gts-2555.jpg,$442.00,$295.00,$260.00,$246.00,12,"Bafles / 8""",0%,9
HJ-187,(HJ-187) Linterna con Encendedor Eléctrico,hj-187.jpg,$30.00,$20.00,$18.00,$17.00,400,Iluminación,0%,524
IMS-5002,(IMS-5002) Soporte de Telefono para Coche,ims-5002.jpg,$52.00,$35.00,$31.00,$29.00,100,Soportes para Celular / Auto,0%,32
IMS-5006,(IMS-5006) Soporte de Celular para Automovil,ims-5006.jpg,$64.00,$43.00,$38.00,$36.00,100,Soportes para Celular / Auto,0%,28
IMS-5008,(IMS-5008) Soporte de Celular para Motocicleta,ims-5008.jpg,$46.00,$31.00,$27.00,$26.00,100,Soportes para Celular / Moto,0%,75
IMS-AM0502,(IMS-AM0502) Masajeador con 4 Cabezales,ims-am0502.jpg,$306.00,$204.00,$180.00,$170.00,20,Salud y Belleza / Masajeadores,0%,11
IMS-AM0506,(IMS-AM0506) Masajeador de Cabeza,ims-am0506.jpg,$158.00,$105.00,$93.00,$88.00,60,Salud y Belleza / Masajeadores,0%,41
IMS-AM0507,(IMS-AM0507) Masajeador Para Cabeza,ims-am0507.jpg,$152.00,$101.00,$90.00,$85.00,60,Salud y Belleza / Masajeadores,0%,31
IMS-C3017,(IMS-C3017) Cubo Cargador con Puerto USB 10W,ims-c3017.jpg,$24.00,$16.00,$14.00,$13.00,360,Cargadores / Cubo,0%,89
IMS-CM0033,(IMS-CM0033) Cable de Carga USB/V8 de 1M,ims-cm0033.jpg,$20.00,$13.00,$12.00,$11.00,240,Cables / V8,0%,47
IMS-E2016,(IMS-E2016) Audifonos Bluetooth Recargables,ims-e2016.jpg,$98.00,$65.00,$58.00,$55.00,100,Audífonos / Bluetooth,0%,26
IMS-E2018,(IMS-E2018) Audifonos Bluetooth,ims-e2018.jpg,$116.00,$77.00,$68.00,$64.00,100,Audífonos / Bluetooth,0%,60
IMS-E2022,(IMS-E2022) Audifonos Bluetooth Inalámbricos,ims-e2022.jpg,$124.00,$83.00,$73.00,$69.00,100,Audífonos / Bluetooth,0%,44
IMS-E2027,(IMS-E2027) Audifonos Bluetooth,ims-e2027.jpg,$138.00,$92.00,$81.00,$77.00,100,Audífonos / Bluetooth,0%,10
IMS-FM006,(IMS-FM006) Radio Portátil AM/FM Bluetooth 5W Retro,ims-fm006.jpg,$246.00,$164.00,$145.00,$137.00,40,Bocinas / Diseño,0%,12
IMS-FM007,(IMS-FM007) Radio AM/FM Bluetooth 5W Portátil,ims-fm007.jpg,$246.00,$164.00,$145.00,$137.00,40,Bocinas / Diseño,0%,16
IMS-FM012,(IMS-FM012) Bocina Inalámbrica Bluetooth 6.5W Diseño Camuflaje,ims-fm012.jpg,$152.00,$101.00,$89.00,$84.00,60,Bocinas / Diseño,0%,48
IMS-FM015,(IMS-FM015) Bocina Bluetooth con Luz RGB 5W Diseño Robot,ims-fm015.jpg,$120.00,$80.00,$71.00,$67.00,50,Bocinas / Diseño,0%,43
IMS-FM016,(IMS-FM016) Bocina Portátil Bluetooth 5W con Diseño de Auto Deportivo Porsche,ims-fm016.jpg,$194.00,$129.00,$114.00,$108.00,40,Bocinas / Diseño,0%,14
IMS-FM017,(IMS-FM017) Bocina Portátil Bluetooth 5W con Diseño de Automóvil Deportivo,ims-fm017.jpg,$190.00,$127.00,$112.00,$106.00,40,Bocinas / Diseño,0%,14
IMS-FM022,(IMS-FM022) Bocina Inalámbrica Bluetooth Ovalada 10W,ims-fm022.jpg,$258.00,$172.00,$152.00,$143.00,30,Bocinas / Diseño,0%,14
IMS-FM023,(IMS-FM023) Bocina Bluetooth Recargable Potencia 5W,ims-fm023.jpg,$192.00,$128.00,$113.00,$107.00,40,Bocinas / Diseño,0%,28
IMS-FM029,(IMS-FM029) Bocina Bluetooth Recargable Potencia 10W,ims-fm029.jpg,$310.00,$207.00,$182.00,$172.00,30,Bocinas,0%,21
IMS-FM030,(IMS-FM030) Bocina Portátil Bluetooth con Luz LED RGB,ims-fm030.jpg,$318.00,$212.00,$187.00,$177.00,30,Bocinas,0%,10
IMS-FM031,(IMS-FM031) Bocina Portátil Bluetooth 5W Esférica,ims-fm031.jpg,$170.00,$113.00,$100.00,$94.00,60,Bocinas / Diseño,0%,52
IMS-FM032,(IMS-FM032) Bocina Inalámbrica Bluetooth 10W Cilíndrica,ims-fm032.jpg,$198.00,$132.00,$116.00,$110.00,40,Bocinas / Diseño,0%,14
IMS-FM034,(IMS-FM034) Mini Bocina Inalámbrica Bluetooth 5W Tipo Esfera,ims-fm034.jpg,$100.00,$67.00,$59.00,$56.00,80,Bocinas,0%,53
IMS-FM035,(IMS-FM035) Bocina Portátil Bluetooth 5W,ims-fm035.jpg,$94.00,$63.00,$55.00,$52.00,60,Bocinas,0%,31
IMS-FM037,(IMS-FM037) Barra de Sonido Portátil Bluetooth 16W,ims-fm037.jpg,$318.00,$212.00,$187.00,$177.00,30,Bocinas / Diseño,0%,17
IMS-S1049,(IMS-S1049) Bocina Inalámbrica Bluetooth 5W Estilo Futurista,ims-s1049.jpg,$198.00,$132.00,$116.00,$110.00,50,Bocinas / Diseño,0%,38
IMS-TD0301,(IMS-TD0301) Cortadora de Cabello Alámbrica,ims-td0301.jpg,$230.00,$153.00,$135.00,$128.00,30,Salud y Belleza / Rasuradoras,0%,30
IMS-TD0302,(IMS-TD0302) Máquina Rasuradora de Cabello Alámbrica,ims-td0302.jpg,$204.00,$136.00,$120.00,$113.00,30,Salud y Belleza / Rasuradoras,0%,9
JSQC-003,(JSQC-003) Ejercitador de Mano Ajustable 5-60kg,jsqc-003.jpg,$64.00,$43.00,$38.00,$36.00,100,Salud y Belleza / Ejercicio,0%,49
JSQC-005,(JSQC-005) Fortalecedor de Mano Portátil,jsqc-005.jpg,$18.00,$12.00,$11.00,$10.00,200,Salud y Belleza / Ejercicio,0%,156
K-701,(K-701) Kit de Utensilios de Cocina 4 Piezas,k-701.jpg,$52.00,$35.00,$31.00,$29.00,60,Hogar / Cocina / Utencilios,0%,93
K-703,(K-703) Juego De Cuchillos y Utensilios,k-703.jpg,$32.00,$21.00,$19.00,$18.00,100,Hogar / Cocina,0%,435
KTS-1612,(KTS-1612) Bocina Bluetooth Retro,kts-1612.jpg,$190.00,$127.00,$112.00,$106.00,50,Bocinas / Diseño,0%,30
LED-735,(LED-735) Lámpara Táctil con Diseño de Perrito,led-735.jpg,$120.00,$80.00,$71.00,$67.00,60,Soportes para Celular / Escritorio,0%,48
LED-738,(LED-738) Lámpara Táctil con Diseño de Panda,led-738.jpg,$120.00,$80.00,$71.00,$67.00,60,Iluminación / Lámparas / De Escritorio,0%,10
MR-073,(MR-073) Maquina Cortador De Cabello,mr-073.jpg,$210.00,$140.00,$124.00,$117.00,30,Salud y Belleza,0%,20
MR-130P,(MR-130P) Máquina Para Cortar Cabello,mr-130p.jpg,$90.00,$60.00,$53.00,$50.00,100,Salud y Belleza,0%,116
MR-301,(MR-301) Rizador para Cabello,mr-301.jpg,$180.00,$120.00,$106.00,$100.00,35,Salud y Belleza,0%,27
MR-310,(MR-310) Plancha y Rizadora 2 en 1 para el Cabello,mr-310.jpg,$80.00,$53.00,$47.00,$44.00,60,Salud y Belleza,0%,63
MR-325,(MR-325) Mini Cepillo Plancha/Rizador para Cabello,mr-325.jpg,$76.00,$51.00,$45.00,$42.00,100,Salud y Belleza,0%,69
MR-327,(MR-327) Plancha de Cabello Portátil,mr-327.jpg,$116.00,$77.00,$68.00,$64.00,60,Salud y Belleza,0%,8
MR-839,(MR-839) Candado Inteligente de Seguridad,mr-839.jpg,$32.00,$21.00,$19.00,$18.00,500,Seguridad,0%,93
MR-865,(MR-865) Rodillo Facial de Hielo,mr-865.jpg,$38.00,$25.00,$22.00,$21.00,200,Salud y Belleza,0%,211
MR-870,(MR-870) Peine De Peluqueria,mr-870.jpg,$24.00,$16.00,$14.00,$13.00,200,Salud y Belleza,0%,133
MR-915,(MR-915) Lrrigador Dental,mr-915.jpg,$140.00,$93.00,$82.00,$78.00,60,Salud y Belleza,0%,11
MR-918,(MR-918) Bomba de Aire Eléctrica Recargable,mr-918.jpg,$136.00,$91.00,$80.00,$76.00,60,Ferretería,0%,25
MR-933,(MR-933) Masajeador Facial Térmico,mr-933.jpg,$150.00,$100.00,$88.00,$83.00,80,Salud y Belleza,0%,42
MULTI-13,(MULTI-13) Multicontacto 4 Enchufes + 2 Puetos Usb + 1 Entrada Tc,multi-13.jpg,$150.00,$100.00,$88.00,$83.00,60,Hogar / Otros,0%,57
MULTI-15,"(MULTI-15) Barra Multicontacto de 6 Enchufes, 3 Puertos USB y 1 Puerto Tipo C",multi-15.jpg,$170.00,$113.00,$100.00,$94.00,60,Hogar,0%,7
MULTI-17,(MULTI-17) Barra Multicontacto con 9 Enchufes + Puertos de Carga,multi-17.jpg,$192.00,$128.00,$113.00,$107.00,60,Ferretería,0%,13
MULTI-35,(MULTI-35) Multicontacto de 2000W con Puertos USB y Tipo C,multi-35.jpg,$84.00,$56.00,$49.00,$47.00,120,Hogar,0%,20
MULTI-36,(MULTI-36) Multicontacto de 2000W con Puertos USB y Tipo C,multi-36.jpg,$120.00,$80.00,$71.00,$67.00,100,Hogar,0%,21
PL-47,"(PL-47) Power Bank de 20,000 mAh",pl-47.jpg,$90.00,$60.00,$53.00,$50.00,80,Power Banks,0%,7
SD-597,(SD-597) Linterna LED Multifuncional Portátil,sd-597.jpg,$240.00,$160.00,$141.00,$133.00,50,Iluminación / Lámparas,0%,28
SH-1012,(SH-1012) Mini Waflera Antiadherente,sh-1012.jpg,$194.00,$129.00,$114.00,$108.00,32,Hogar / Cocina,0%,6
SJ-2506,(SJ-2506) Candado de Seguridad de Alta Resistencia,sj-2506.jpg,$44.00,$29.00,$26.00,$24.00,96,Ferretería,0%,87
SJ-2519,(SJ-2519) Cerradura de Hierro Universal,sj-2519.jpg,$158.00,$105.00,$93.00,$88.00,25,Hogar,0%,34
SJ-2521,(SJ-2521) Candado Antirrobo con Alarma,sj-2521.jpg,$66.00,$44.00,$39.00,$37.00,60,Ferretería,0%,42
SOP-1068,(SOP-1068) Soporte Magnético para Celular,sop-1068.jpg,$42.00,$28.00,$25.00,$23.00,200,Soportes para Celular,0%,19
SOP-1082,(SOP-1082) Soporte Metálico Giratorio para Celular,sop-1082.jpg,$44.00,$29.00,$26.00,$24.00,200,Soportes para Celular,0%,112
ST-A016,(ST-A016) Audífonos Bluetooth Inalámbricos,st-a016.jpg,$130.00,$87.00,$76.00,$72.00,100,Audífonos,0%,18
ST-A019,(ST-A019) Audífonos Bluetooth Inalámbricos,st-a019.jpg,$110.00,$73.00,$65.00,$61.00,100,Audífonos,0%,25
ST-W132,(ST-W132) Audífonos Bluetooth TWS con Cancelación de Ruido,st-w132.jpg,$80.00,$53.00,$47.00,$44.00,100,Audífonos,0%,43
ST-W156,(ST-W156) Audifonos Bluetooth con Pantalla Inteligente,st-w156.jpg,$170.00,$113.00,$100.00,$94.00,100,Audífonos / Bluetooth,0%,40
SYZ-011,(SYZ-011) Kit de viaje,syz-011.jpg,$52.00,$35.00,$31.00,$29.00,160,Salud y Belleza,0%,66
TXD-20,(TXD-20) Rastrillo Desechable para Afeitar con Doble Navaja,txd-20.jpg,$4.00,$3.50,$3.00,$2.50,"1,728",Salud y Belleza,0%,387
TXD-27,(TXD-27) Rastrillo con Cabeza Movible,txd-27.jpg,$34.00,$23.00,$20.00,$19.00,144,Salud y Belleza,0%,105
XB-5519,(XB-5519) Power Bank,xb-5519.jpg,$68.00,$50.00,$44.00,$42.00,100,Power Banks,0%,23
YS-251,(YS-251) Vaso Termo de 437ml con Bocina Bluetooth TWS,ys-251.jpg,$190.00,$127.00,$112.00,$106.00,50,Hogar / Cocina,0%,24
ZB-029,(ZB-029) Reloj Despertador Clásico con Diseño Decorativo,zb-029.jpg,$100.00,$67.00,$59.00,$56.00,100,Hogar,0%,35
ZJD-907,(ZJD-907) Paquete de Cortauñas de Colores,zjd-907.jpg,$110.00,$73.00,$65.00,$61.00,50,Salud y Belleza,0%,59
ZJD-910,(ZJD-910) Paquete de Cortauñas de Colores 12 Piezas,zjd-910.jpg,$110.00,$73.00,$65.00,$61.00,50,Salud y Belleza,0%,47
ZJD-919,(ZJD-919) Dúo de Cortauñas con Lima,zjd-919.jpg,$20.00,$13.00,$12.00,$11.00,300,Salud y Belleza,0%,14
ZSD-528,(ZSD-528) Estrella con Luz LED,zsd-528.jpg,$130.00,$87.00,$76.00,$72.00,100,Iluminación,0%,74
CH-K3013,Bocina De Diseno,ch-k3013.jpg,$270.00,$180.00,$159.00,$150.00,40,Bocinas / Diseño,0%,20
CH-K3014,Bocina De Diseno,ch-k3014.jpg,$82.00,$55.00,$48.00,$46.00,120,Bocinas / Diseño,0%,99
G100,Bocina De Diseno,g100.jpg,$510.00,$340.00,$300.00,$283.00,20,Bocinas / Diseño,0%,14
S75W30,(S75W30) Foco LED 30W Luz Fría,s75w30.jpg,$51.00,$34.00,$30.00,$28.00,60,Iluminación / Focos / LED,0%,32
ADC80-02,(ADC80-02) Adaptador de Corriente 18W,adc80-02.jpg,$33.00,$27.00,$24.00,$22.00,200,Cargadores,0%,49
BWB-1788,(BWB-1788) Vaso 30 Oz Tipo Yeti,bwb-1788.jpg,$156.00,$105.00,$92.00,$87.00,50,Hogar / Cocina / Vasos,0%,44
GJ-356,(GJ-356) Herramienta para Neumático,gj-356.jpg,$172.00,$101.00,$95.00,$115.00,24,Ferretería,0%,22
JXQ-1401,(JXQ-1401) Extensión de 2 Metros Uso Rudo,jxq-1401.jpg,$27.00,$20.00,$17.00,$16.00,120,Hogar,0%,160
JXQ-1402,(JXQ-1402) Extensión de 3 Metros Uso Rudo,jxq-1402.jpg,$32.00,$22.00,$20.00,$19.00,100,Hogar,0%,98
MR-108,(MR-108) Máquina Cortadora de Cabello de Metal con Diseño de Buda,mr-108.jpg,$62.00,$46.00,$40.00,$38.00,100,Salud y Belleza,0%,6
MR-109,(MR-109) Máquina Cortadora de Cabello de Metal con Diseño de Dragón,mr-109.jpg,$62.00,$41.00,$37.00,$35.00,100,Salud y Belleza,0%,54
MR-302,(MR-302) Rizador Para Cabello,mr-302.jpg,$116.00,$77.00,$68.00,$65.00,60,Salud y Belleza,0%,9
SOP-1059,(SOP-1059) Soporte Para Celular,sop-1059.jpg,$50.00,$33.00,$29.00,$28.00,100,Soportes para Celular,0%,24
TPQ-8500,(TPQ-8500) Mini Proyector Inteligente Portátil,tpq-8500.jpg,$900.00,$660.00,$582.00,$550.00,20,Hogar,0%,17
WJ-1347,(WJ-1347) Pistola de juguete 6 LOCK hidrogel,wj-1347.jpg,$244.00,$162.00,$143.00,$135.00,36,Juguetes,0%,9
YXJ-1510,(YXJ-1510) Control para Play 4 Diseño Surtido,yxj-1510.jpg,$320.00,$215.00,$190.00,$180.00,50,Entretenimiento / Controles,0%,29
ZN-1609,(ZN-1609) Cámara de Juguete Infantil,zn-1609.jpg,$139.00,$111.00,$98.00,$93.00,100,Juguetes,0%,55
Cubo Sams 65w TC,(Cubo Sams 65w TC) Cubo Tipo Samsung 65W PD Tc,cubo sams 65w tc.jpg,$80.00,$53.00,$47.00,$45.00,300,Renombre / Cubo de Carga,0%,238
Earpods 2 en 1,(Earpods 2 en 1) Earpods Tipo C + Lightning,earpods 2 en 1.jpg,$50.00,$33.00,$30.00,$28.00,500,Audífonos / Alámbricos,0%,189
DP-1004,(DP-1004) Foco Bocina,dp-1004.jpg,$60.00,$40.00,$35.00,$33.00,100,Iluminación / Focos,0%,7
AT5M01,(AT5M01) Antena HD,at5m01.jpg,$70.00,$47.00,$41.00,$39.00,50,Hogar,0%,85
BT-1005,(BT-1005) Soporte Para Ventilación,bt-1005.jpg,$40.00,$27.00,$24.00,$22.00,100,Soportes para Celular,0%,39
BT-1009,(BT-1009) Soporte De Cel,bt-1009.jpg,$48.00,$32.00,$28.00,$27.00,100,Soportes para Celular,0%,26
BWB-17132,(BWB-17132) Termo Tipo Starbucks 30oz,bwb-17132.jpg,$120.00,$80.00,$70.00,$67.00,50,Hogar / Cocina / Termos,0%,49
FEE-7404,(FEE-7404) Diadema Bluetooth JBL,fee-7404.jpg,$165.00,$146.00,$140.00,$135.00,60,Renombre / Audífonos / Diademas,0%,11
HDM-9401,(HDM-9401) Cable HDMI a HDMI de 1.5 Metros,hdm-9401.jpg,$22.00,$16.00,$14.00,$13.00,200,Cables / HDMI,0%,47
JSL-7003,(JSL-7003) Bolsa Impermeable Para Telefono,jsl-7003.jpg,$15.00,$11.00,$10.00,$9.50,500,Hogar,0%,32
LED-729,(LED-729) Linterna de Seguridad para Bicicleta 5W,led-729.jpg,$24.00,$17.00,$15.00,$14.00,240,Iluminación,0%,185
MR-313,(MR-313) Rizador Planchador Tenaza,mr-313.jpg,$130.00,$87.00,$76.00,$72.00,60,Salud y Belleza,0%,34
SD-596,(SD-596) Linterna LED Multifuncional/Power Bank,sd-596.jpg,$300.00,$200.00,$177.00,$167.00,150,Iluminación / Lámparas,0%,40
SOP-1062,(SOP-1062) Soporte de Celular para Automovil,sop-1062.jpg,$54.00,$36.00,$32.00,$30.00,100,Todo,0%,43
VASO-113,(VASO-113) Vaso Térmico de Diseño 500 ml,vaso-113.jpg,$140.00,$93.00,$83.00,$78.00,50,Hogar / Cocina / Vasos,0%,22
1250XW,[1250XW] (1250XW) Termo Deportivo de Acero Inoxidable 800ml,1250xw.jpg,$130.00,$86.00,$77.00,$72.00,50,Todo,0%,15
GTS-2597,Bocina Bluetooth Portátil ,gts-2597.jpg,$106.00,$71.00,$62.00,$59.00,120,Bocinas,0%,90
RELOJ-DEP,(RELOJ-DEP) Reloj Colgante D-SPORT,reloj-dep.jpg,$71.00,$71.00,$71.00,$71.00,200,Todo,0%,182
SQY-DUMP,(SQY-DUMP) Squishy Dumpling (1 pieza),sqy-dump.jpg,$19.99,$19.99,$19.99,$19.99,480,Juguetes,0%,68
EARPODS E 3.5 MM,(EARPODS E 3.5 MM) Audifonos Tipo Earpods Jack 3.5mm ,earpods e 3.5 mm.jpg,$25.00,$21.00,$20.00,$19.00,500,Audífonos,0%,1373
XQ-316,(XQ-316) Paquete de Mini Globos para Fiesta 100pz,xq-316.jpg,$7.00,$6.00,$5.00,$4.00,"1,200",Hogar,0%,637
TC-2009,(TC-2009) Cargador De Auto Con 2 Puertos Usb,tc-2009.jpg,$12.50,$9.00,$8.00,$7.50,"1,000",Cargadores,0%,182
TC-1002,(TC-1002) Cargador Plug In Doble Entrada Usb,tc-1002.jpg,$9.00,$7.00,$6.00,$5.50,"1,000",Cargadores,0%,501
ACC-24110,(ACC-24110) Transmisor 3.5 para Auto ,acc-24110.jpg,$25.00,$18.00,$16.00,$15.00,500,Transmisores,0%,199
ZJT-8102,(ZJT-8102) Multicontacto para Enchufes ,zjt-8102.jpg,$9.50,$7.00,$6.50,$6.00,500,Cargadores,0%,8
ZY7209,(ZY7209) Bolsa Casual para Mujer con Correa Ajustable,zy7209.jpg,$56.00,$37.00,$33.00,$32.00,380,Salud y Belleza,0%,59
HJ-181,(HJ-181) Encendedor Eléctrico Recargable,hj-181.jpg,$64.00,$43.00,$38.00,$36.00,300,Hogar,0%,299
SQ-815,(SQ-815) Linterna Recargable Tipo Minero,sq-815.jpg,$36.00,$24.00,$22.00,$20.00,300,Iluminación,0%,155
A500,(A500) Barra de Sonido FM/Bluetooth ,a500.jpg,$160.00,$100.00,$90.00,$80.00,30,Bocinas,0%,1229
XCQ-3501,(XCQ-3501) Mini Aspiradora,xcq-3501.jpg,$74.00,$54.00,$48.00,$45.00,100,Hogar,0%,136
PL-25,"(PL-25) Power Bank 20,000 mAh con Linterna LED ",pl-25.jpg,$90.00,$60.00,$53.00,$51.00,160,Power Banks,0%,8
BGD-1599,(BGD-1599) Tripié para Aro de Luz,bgd-1599.jpg,$74.00,$54.00,$48.00,$45.00,30,Iluminación,0%,60
ST-W131,(ST-W131) Audífonos Bluetooth TWS con Cancelación de Ruido,st-w131.jpg,$86.00,$58.00,$51.00,$48.00,100,Audífonos,0%,63
SOP-1060,(SOP-1060) Soporte con Brazo Extensible,sop-1060.jpg,$58.00,$39.00,$34.00,$32.00,100,Soportes para Celular,0%,38
TB-6316,(TB-6316) Smartwatch T500,tb-6316.jpg,$82.00,$60.00,$53.00,$50.00,100,Smartwatch,0%,11
TR-6018,(TR-6018) Audifonos Inalámbricos con Pantalla,tr-6018.jpg,$65.00,$48.00,$43.00,$40.00,100,Audífonos,0%,25
CH-J2114,(CH-J2114) Bocina De Diseno,ch-j2114.jpg,$72.00,$48.00,$42.00,$40.00,100,Bocinas,0%,107
EKQ-30901,(EKQ-30901) Mini Cámara Espía de Seguridad,ekq-30901.jpg,$90.00,$66.00,$58.00,$55.00,100,Seguridad,0%,99
SJ-12230,(SJ-12230) Candado de Seguridad Antirrobos para Motocicleta,sj-12230.jpg,$44.00,$29.00,$26.00,$25.00,100,Ferretería,0%,7
TK-2573,(TK-2573) Intercomunicador Bluetooth Para Casco ,tk-2573.jpg,$220.00,$147.00,$130.00,$122.00,100,Accesorios para Celular,0%,9
"BATERIA MGSF 10,000 MAH","(BATERIA MGSF 10,000 MAH) Bateria Magsafe 10,000 mAh","bateria mgsf 10,000 mah.jpg",$170.00,$113.00,$100.00,$94.00,100,Power Banks,0%,73
EM-123,(EM-123) Lampara Doble de Carga Solar ,em-123.jpg,$86.00,$57.00,$51.00,$48.00,80,Iluminación,0%,24
DNSD-9302,(DNSD-9302) Teclado Plegable Bluetooth ,dnsd-9302.jpg,$250.00,$167.00,$148.00,$139.00,80,Cómputo,0%,22
WJF-0802,(WJF-0802) Dron Plegable con Cámara,wjf-0802.jpg,$278.00,$204.00,$180.00,$170.00,36,Juguetes,0%,31
EM137,(EM137) Lámpara con Luz LED y Panel Solar,em137.jpg,$170.00,$114.00,$100.00,$95.00,69,Iluminación,0%,75
SD-598,(SD-598) Linterna Portátil LED 2 en 1,sd-598.jpg,$200.00,$133.00,$118.00,$111.00,50,Iluminación,0%,27
ZJD-901,"(ZJD-901) Set de Manicura, Pedicura y Facial con 12 Piezas",zjd-901.jpg,$50.00,$33.00,$29.00,$28.00,100,Salud y Belleza,0%,22
GTS-2083,"(GTS-2083) Bocina Bluetooth 3"" x2 con Luz LED",gts-2083.jpg,$130.00,$87.00,$76.00,$73.00,50,Bocinas,0%,28
CAB164N,(CAB164N) Cable Tipo C 1 Metro 2.1A Negro,cab164n.jpg,$20.00,$13.00,$12.00,$11.00,200,1HORA / Cables,0%,195
CH-J2124,"(CH-J2124) Bocina Bluetooth TWS, Resistente a Salpicaduras y Luz LED",ch-j2124.jpg,$238.00,$159.00,$140.00,$133.00,40,Bocinas,0%,6
FAN-MINI07,(FAN-MINI07) Ventilador Portátil Recargable,fan-mini07.jpg,$30.00,$20.00,$18.00,$17.00,144,Hogar / Ventiladores,0%,84
KTS-1665,(KTS-1665) Bocina Bluetooth de Barra,kts-1665.jpg,$218.00,$145.00,$128.00,$122.00,30,Bocinas / Diseño,0%,35
ST-W127,(ST-W127) Audífonos Bluetooth Inalámbricos Resistentes a Salpicaduras con Pantalla Digital,st-w127.jpg,$60.00,$40.00,$35.00,$33.00,100,Audífonos,0%,67
ST-W136,(ST-W136) Audífonos Bluetooth con Estuche de Carga,st-w136.jpg,$60.00,$40.00,$35.00,$33.00,100,Audífonos / Bluetooth,0%,42
TO-1514,(TO-1514) Control PS4,to-1514.jpg,$245.00,$180.00,$158.00,$150.00,50,Entretenimiento / Controles,0%,47
CH-K3020,Bocina Radio Solar,ch-k3020.jpg,$120.00,$80.00,$71.00,$67.00,80,Bocinas / Diseño,0%,51
ACC-20104,(ACC-20104) Transmisor para Auto Bluetooth,acc-20104.jpg,$74.00,$54.00,$48.00,$45.00,200,Novedades,0%,113
AZMQ061,(AZMQ061) Panel LED Personalizable (37x9 cm),azmq061.jpg,$350.00,$350.00,$205.00,$195.00,60,Novedades,0%,25
AZMQ062,(AZMQ062) Panel LED Personalizable (59x12 cm),azmq062.jpg,$460.00,$307.00,$271.00,$256.00,40,Novedades,0%,31
AZMQ063,(AZMQ063) Lámpara LED con Diseño de Nube y Tulipanes,azmq063.jpg,$52.00,$35.00,$31.00,$29.00,100,Novedades,0%,41
CAR-309,(CAR-309) Cubo de Carga de Doble Puerto 12V,car-309.jpg,$28.00,$19.00,$17.00,$16.00,500,Novedades,0%,9
CARGADOR MGSF,(CARGADOR MGSF) Cargador Magsafe Tipo C,cargador mgsf.jpg,$54.00,$36.00,$32.00,$30.00,300,Novedades,0%,115
G106,(G106) Bocina Bluetooth con Función TWS,g106.jpg,$198.00,$132.00,$117.00,$110.00,45,Novedades,0%,37
GJ-D303,(GJ-D303) Cutter Uso Rudo,gj-d303.jpg,$13.00,$9.00,$8.00,$7.00,400,Novedades,0%,404
HDM-9402,(HDM-9402) Cable HDMI a HDMI de 3 Metros,hdm-9402.jpg,$32.00,$22.00,$20.00,$19.00,150,Novedades,0%,129
HVH-40401,(HVH-40401) Lampara Solar para Exteriores,hvh-40401.jpg,$49.00,$36.00,$32.00,$30.00,100,Novedades,0%,67
IDC-2025,(IDC-2025) Blíster de 5 Baterías 2025 de Botón 3V,idc-2025.jpg,$12.00,$9.00,$8.00,$7.00,400,Novedades,0%,44
IDC-23A,(IDC-23A) Blíster de 5 Baterías 23A Alcalinas de 12V,idc-23a.jpg,$26.00,$18.00,$16.00,$14.50,200,Novedades,0%,107
IDC-27A,(IDC-27A) Blíster de 5 Baterías 27A Alcalinas de 12V,idc-27a.jpg,$26.00,$18.00,$16.00,$14.50,200,Novedades,0%,104
IDC-AA,(IDC-AA) Blíster de 4 Baterías AA,idc-aa.jpg,$10.00,$8.00,$7.00,$6.00,144,Novedades,0%,62
IDC-AAA-40,(IDC-AAA-40) Paquete de 40 Baterías AAA,idc-aaa-40.jpg,$56.00,$38.00,$33.00,$31.00,30,Novedades,0%,20
SNA-5802,(SNA-5802) Adaptador de Corriente con Socket para Foco,sna-5802.jpg,$20.00,$14.00,$13.00,$12.00,300,Novedades,0%,165
SOP-1069,(SOP-1069) Soporte Magnético para Celular,sop-1069.jpg,$38.00,$25.00,$22.00,$21.00,200,Novedades,0%,92
ST-B262,(ST-B262) Lentes Anti UV con Audifonos Integrados,st-b262.jpg,$124.00,$83.00,$73.00,$69.00,100,Novedades,0%,34
TY-8103,(TY-8103) Adaptador OTG Tipo C,ty-8103.jpg,$4.00,$3.00,$2.65,$2.50,"1,000",Novedades,0%,79
TY-9003,(TY-9003) Cable Auxiliar 3 Metros 3.5mm a 3.5mm,ty-9003.jpg,$13.00,$10.00,$9.00,$8.50,500,Novedades,0%,216
XR-3128,(XR-3128) Audífonos alámbricos,xr-3128.jpg,$19.00,$14.00,$12.00,$11.50,500,Novedades,0%,471
TY-8101,Adaptador Otg V8 a Usb,ty-8101.jpg,$3.50,$3.00,$2.50,$2.00,"1,000",Accesorios para Celular,0%,4403
YSK-012,Llavero de Zapatos de Tacón,ysk-012.jpg,$4.00,$3.50,$3.00,$2.50,"2,400",Temporada,0%,715
ZJT-8104,Adaptador de Corriente Universal Plano a Redondo 110V,zjt-8104.jpg,$3.00,$2.50,$2.00,$1.20,"2,500",Hogar,0%,1091
DD2504,Pizarron Magico De 8 Pulgadas mULTICOLOR,dd2504.jpg,$28.00,$21.50,$19.00,$18.00,100,Juguetes,0%,2807
DD2504,"Pizarrón mágico de 8.5""",dd2504.jpg,$28.00,$23.00,$20.00,$19.00,100,Juguetes,0%,2807
HZJ-932,Espejo,hzj-932.jpg,$45.00,$36.00,$32.00,$30.00,120,Salud y Belleza,0%,12
927-31,Reloj infantil + llavero pop it,927-31.jpg,$56.00,$45.00,$39.00,$37.00,288,Juguetes,0%,1196
SNA-5801,Adaptador Enchufe a Socket,sna-5801.jpg,$8.00,$6.00,$5.50,$5.00,"1,200",Iluminación,0%,702
XQ-233,Rosa Eterna con Detalle de Oso Corazón,xq-233.jpg,$9.00,$7.00,$6.50,$6.00,"1,200",Temporada,0%,1031
FAN-MINI11,Ventilador Portátil Recargable,fan-mini11.jpg,$40.00,$27.00,$27.00,$27.00,144,Oferta,0%,45
FAN-MINI19,Ventilador Portátil Recargable,fan-mini19.jpg,$35.00,$23.00,$23.00,$23.00,144,Oferta,0%,9
FAN-MINI21,Ventilador Portátil Recargable,fan-mini21.jpg,$38.00,$26.00,$26.00,$26.00,144,Oferta,0%,12
FAN-MINI23,Ventilador Portátil Recargable,fan-mini23.jpg,$37.00,$24.00,$24.00,$24.00,144,Oferta,0%,6
FAN-MINI24,Ventilador Portátil Recargable,fan-mini24.jpg,$37.00,$24.00,$24.00,$24.00,144,Oferta,0%,47
FAN-Q106,Ventilador Portátil Recargable,fan-q106.jpg,$37.00,$24.00,$24.00,$24.00,144,Oferta,0%,19
FAN-Q107,Ventilador Portátil Recargable,fan-q107.jpg,$37.00,$24.00,$24.00,$24.00,150,Oferta,0%,33
FAN-Q109,Ventilador Portátil Recargable,fan-q109.jpg,$43.00,$29.00,$29.00,$29.00,144,Oferta,0%,36
FAN-Q113,Ventilador Usb,fan-q113.jpg,$52.00,$34.00,$34.00,$34.00,120,Oferta,0%,49
FAN-Q115,Ventilador Usb,fan-q115.jpg,$50.00,$33.00,$33.00,$33.00,120,Oferta,0%,22
FAN-Q116,Ventilador Usb,fan-q116.jpg,$40.00,$27.00,$27.00,$27.00,144,Oferta,0%,13
HVH-80303,(HVH-80303) Linterna Led + Encendedor,hvh-80303.jpg,$38.00,$26.00,$24.00,$22.00,400,Iluminación / Lámparas,0%,361
HVH-80902,Linterna de Mano ,hvh-80902.jpg,$82.00,$60.00,$53.00,$50.00,100,Iluminación,0%,28
LED-710,Luces De Bicicleta,led-710.jpg,$20.00,$13.00,$12.00,$11.00,600,Hogar,0%,48
QJ-182,Cepillo Para Hendiduras,qj-182.jpg,$10.00,$9.00,$8.00,$7.00,600,Salud y Belleza,0%,263
TY-Q127,Esferas Fluorescentes,ty-q127.jpg,$7.00,$6.00,$5.00,$4.00,600,Juguetes,0%,576
XQ-201,Rosa Eterna Decorada de Espuma Artificial con Aroma,xq-201.jpg,$8.00,$6.00,$5.50,$5.00,620,Temporada,0%,256
XQ-317,(XQ-317) Paquete de Mini Globos para Fiesta 200pz,xq-317.jpg,$12.00,$9.00,$8.00,$7.00,600,Hogar,0%,136
XR-3116,Audifonos Alambicos,xr-3116.jpg,$9.00,$7.00,$6.00,$5.50,500,Audífonos,0%,608
XR-3150,Audifonos alambricos con microfono,xr-3150.jpg,$14.00,$11.00,$10.00,$9.00,500,Audífonos,0%,23
XR-9130,AudÍfonos manos libres alámbricos,xr-9130.jpg,$15.00,$11.00,$10.00,$9.00,500,Audífonos,0%,353
YJ-815,(YJ-815) Impermeable Desechable para Adulto,yj-815.jpg,$9.00,$7.00,$6.00,$5.00,800,Hogar,0%,400
AZMQ023,Láser y Lámpara LED con Gancho Tipo Llavero,azmq023.jpg,$11.00,$8.00,$7.50,$7.00,"1,200",Iluminación,0%,729
FA015,Dispensador De Agua,fa015.jpg,$48.00,$38.00,$34.00,$32.00,64,Hogar / Cocina,0%,920
TS-0902,Cable de Carga Gen USB a Lightning ,ts-0902.jpg,$7.00,$5.50,$5.00,$4.50,"1,000",Cables,0%,154
TS-0911,Cable de Carga Genérico Tipo C a Lightning,ts-0911.jpg,$9.00,$6.50,$5.50,$5.00,"1,000",Cables,0%,512
TY-9002,Cable Auxiliar 2 Metros 3.5mm a 3.5mm,ty-9002.jpg,$9.00,$7.50,$7.00,$6.50,"1,000",Cables,0%,679
TY-9004,Cable Auxiliar 3.5mm a 3.5mm,ty-9004.jpg,$7.00,$5.50,$5.00,$4.50,"1,000",Cables,0%,720
TY-9041,Cable Auxiliar 1 Metro 3.5mm a 3.5mm,ty-9041.jpg,$7.00,$5.50,$5.00,$4.50,"1,000",Cables,0%,206
XH-V8-1653,Cable V8,xh-v8-1653.jpg,$6.50,$5.00,$4.50,$4.00,"1,000",Cables,0%,74
XR-3109,(XR-3109) Audifonos Alambricos Jack 3.5mm,xr-3109.jpg,$15.00,$12.00,$11.00,$10.00,"1,000",Audífonos,0%,48
XR-3159,(XR-3159) Audifono Alambrico Jack 3.5mm,xr-3159.jpg,$12.00,$8.50,$7.00,$5.50,"1,000",Audífonos,0%,22
XR-3159,(XR-3159) Audifono Alambrico Jack 3.5mm,xr-3159.jpg,$12.00,$8.50,$7.00,$5.50,"1,000",Audífonos,0%,22
YXJ-1522,Consola M8S,yxj-1522.jpg,$392.00,$313.00,$276.00,$261.00,40,Entretenimiento,0%,1834
CAR-302,Cargador Cubo de 12w Doble Entrada,car-302.jpg,$25.00,$20.00,$18.00,$17.00,500,Cargadores,0%,131
CAR-303,Cargador Cubo de Doble Puerto 12w,car-303.jpg,$25.00,$20.00,$18.00,$17.00,500,Cargadores,0%,11
CAR-U201,Cargador Cubo USB 12w,car-u201.jpg,$20.00,$16.00,$14.00,$13.00,500,Cargadores,0%,267
CAR-U202,Cargador Cubo USB 12w,car-u202.jpg,$20.00,$16.00,$14.00,$13.00,500,Cargadores,0%,144
YXJ-1504,Consola Inalambrica M8,yxj-1504.jpg,$317.00,$253.00,$224.00,$211.00,40,Entretenimiento,0%,2949
929-31,Reloj infantil con luz + figura,929-31.jpg,$56.00,$45.00,$39.00,$37.00,288,Juguetes,0%,350
AC906-32G-RWB,Memoria Adata Usb 32gb C906 Azul,ac906-32g-rwb.jpg,$105.00,$85.00,$82.00,$79.00,100,Memorias / USB,0%,7
ACC-20101,Transmisor para Auto BT,acc-20101.jpg,$113.00,$90.00,$79.00,$75.00,100,Transmisores,0%,12
ACC-20500,Transmisor para Auto Bluetooth,acc-20500.jpg,$106.00,$78.00,$69.00,$65.00,200,Transmisores,0%,32
AIRPODS PRO 2 NIKE,Airpods Pro 2da Gen + Llavero Nike ,airpods pro 2 nike.jpg,$130.00,$90.00,$77.00,$72.00,100,Renombre,0%,204
ATC-24001,Cargador Para Moto ,atc-24001.jpg,$36.00,$27.00,$24.00,$22.00,100,Cargadores,0%,26
AUD V5.3,Audífonos Bluetooth Personajes,aud v5.3.jpg,$81.00,$65.00,$57.00,$54.00,100,Renombre,0%,646
AZMQ033,Lámpara UV Multifuncional con Clip ,azmq033.jpg,$57.00,$50.00,$46.00,$43.00,100,Salud y Belleza,0%,148
AZMQ055,Bola De Cristal,azmq055.jpg,$30.00,$24.00,$21.00,$20.00,150,Hogar,0%,17
AZMQ056,Bola De Cristal,azmq056.jpg,$33.00,$27.00,$24.00,$22.00,120,Hogar,0%,28
BB-1060,Monederos,bb-1060.jpg,$28.00,$23.00,$20.00,$19.00,600,Salud y Belleza,0%,63
BB-LQ1015,Monederos O Bolsa Cosmetic,bb-lq1015.jpg,$15.00,$12.00,$11.00,$10.00,600,Salud y Belleza,0%,6
BB-LQ1016,Bolsa De Cosmeticos,bb-lq1016.jpg,$15.00,$12.00,$11.00,$10.00,600,Salud y Belleza,0%,10
BB-LQ1017,Monederos O Bolsa Cosmetic,bb-lq1017.jpg,$15.00,$12.00,$11.00,$10.00,600,Salud y Belleza,0%,180
BGD-1344,Luz de Relleno Portátil  LED RGB,bgd-1344.jpg,$53.00,$42.00,$37.00,$35.00,200,Iluminación,0%,112
BH-21132,(BH-21132) Trapeador,bh-21132.jpg,$160.00,$106.00,$93.00,$88.00,30,Hogar,0%,32
BH-21216,Perchero,bh-21216.jpg,$125.00,$100.00,$88.00,$83.00,36,Hogar,0%,13
BH-21315,(BH-21315) Soporte para levantar Garrafon,bh-21315.jpg,$16.00,$13.00,$12.00,$11.00,300,Hogar,0%,49
BT-1002,(BT-1002) Soporte De Iman,bt-1002.jpg,$34.00,$23.00,$20.00,$20.00,200,Soportes para Celular,0%,167
BTS-1953,Bocinas De Diseño,bts-1953.jpg,$233.00,$187.00,$165.00,$156.00,30,Bocinas,0%,21
BWB-1715,(BWB-1715) Vaso 30 Oz,bwb-1715.jpg,$100.00,$67.00,$60.00,$56.00,50,Hogar / Cocina,0%,41
BZ-2102,(BZ-2102) Termo 1.3 L,bz-2102.jpg,$127.00,$101.00,$89.00,$84.00,60,Hogar / Cocina,0%,42
CAB005N,Cable Tipo V8 Negro,cab005n.jpg,$8.00,$7.00,$6.50,$6.00,100,Cables,0%,13
CAB186N,Cable V8/Micro 1 Metro 2.1A Negro,cab186n.jpg,$13.00,$11.00,$10.00,$9.50,300,1HORA,0%,24
CAB242B,(CAB242B) Cable V8 1 Metro 2.1A Blanco,cab242b.jpg,$12.00,$9.00,$8.00,$7.00,400,1HORA,0%,49
CABLE 2M IP C A LIGHTNING,Cable 2M Ip C A Lightning,cable 2m ip c a lightning.jpg,$26.00,$17.00,$16.00,$15.00,500,Renombre,0%,322
CABLE IP C A C 2M,Cable 2 Metros C a C,cable ip c a c 2m.jpg,$28.00,$19.00,$17.00,$16.00,500,Renombre,0%,368
CAR-306,Cubo Cargador de 12W con Puerto USB y Tipo C,car-306.jpg,$28.00,$20.00,$18.00,$17.00,500,Cargadores,0%,21
CAR-PD53,Cubo Cargador de 20W con Puerto Tipo C,car-pd53.jpg,$37.00,$27.00,$24.00,$23.00,500,Cargadores,0%,435
CAR-U101,Combo Cubo Cargador con Cable Tipo V8 y Puerto USB,car-u101.jpg,$34.00,$23.00,$20.00,$19.00,200,Cargadores,0%,103
CAR-U103,Cubo Cargador con 1 Puerto USB y Cable Tipo C,car-u103.jpg,$34.00,$23.00,$20.00,$19.00,200,Cargadores,0%,241
CAR-U105,Cubo Cargador con Puerto USB de 10W,car-u105.jpg,$17.00,$12.00,$11.00,$10.00,"1,000",Cargadores,0%,809
CAR-U220,Cubo de Carga 12w 2.4A Max,car-u220.jpg,$28.00,$23.00,$20.00,$19.00,200,Cargadores,0%,60
CAR-U221,Cargador USB 12w Max 2.4A,car-u221.jpg,$28.00,$23.00,$20.00,$19.00,200,Cargadores,0%,78
CAR-U261,Cargador Alámbrico de 12W con Puerto USB,car-u261.jpg,$37.00,$27.00,$24.00,$23.00,200,Cargadores,0%,10
CDQ-L76,"Cargador USB para Baterías tipo LI-ION de 2,000 MAH",cdq-l76.jpg,$40.00,$32.00,$28.00,$27.00,200,Cargadores,0%,56
CDQ-L77,"Cargador USB para Batería LI-ION de 1,000 MAH",cdq-l77.jpg,$25.00,$20.00,$18.00,$17.00,200,Cargadores,0%,24
CFJ-110,(CFJ-110) Secadora de Cabello Plegable de 1200W,cfj-110.jpg,$160.00,$107.00,$94.00,$90.00,50,Salud y Belleza,0%,20
CH-J2053,Bocina De Diseno,ch-j2053.jpg,$216.00,$144.00,$127.00,$120.00,50,Bocinas,0%,38
CH-J2061,(CH-J2061) Bocina Bluetooth TWS con Diseño de Automóvil,ch-j2061.jpg,$146.00,$98.00,$86.00,$83.00,40,Bocinas,0%,9
CH-J2064,(CH-J2064) Bocina De Diseno,ch-j2064.jpg,$324.00,$216.00,$191.00,$183.00,30,Bocinas / Diseño,0%,10
CH-J2069,Bocina De Diseno,ch-j2069.jpg,$280.00,$224.00,$198.00,$187.00,30,Bocinas,0%,10
CH-J2076,(CH-J2076) Bocina Compacta de Bordes Suavizados con Asa Superior,ch-j2076.jpg,$78.00,$52.00,$46.00,$44.00,100,Bocinas / Diseño,0%,89
CH-J2085,Bocina De Diseno,ch-j2085.jpg,$490.00,$326.00,$290.00,$275.00,30,Bocinas,0%,6
CH-J2086,Bocinas De Diseno,ch-j2086.jpg,$100.00,$80.00,$71.00,$67.00,80,Bocinas,0%,19
CH-J2110,Bocina De Diseno,ch-j2110.jpg,$100.00,$80.00,$71.00,$67.00,100,Bocinas,0%,53
CH-J2115,Bocina De Diseno,ch-j2115.jpg,$72.00,$48.00,$42.00,$40.00,100,Bocinas,0%,86
CH-J2127,Bocina De Diseno,ch-j2127.jpg,$145.00,$116.00,$102.00,$97.00,80,Bocinas,0%,10
CH-J2131,"Bocina Bluetooth TWS, Resistente a Salpicaduras y Luz RGB",ch-j2131.jpg,$319.00,$234.00,$206.00,$195.00,30,Bocinas,0%,6
CH-J2134,Bocina Bluetooth TWS con Power Bank,ch-j2134.jpg,$264.00,$194.00,$171.00,$162.00,60,Bocinas,0%,38
CH-J2136,Despertador Inteligente con Bocina Bluetooth y Luz RGB ,ch-j2136.jpg,$470.00,$344.00,$304.00,$287.00,30,Bocinas,0%,17
CH-J2138,Reloj Despertador con Bocinas Bluetooth TWS,ch-j2138.jpg,$436.00,$291.00,$257.00,$243.00,30,Bocinas,0%,27
CH-J2150,(CH-J2150) Bocina Bluetooth con Diseño de Automóvil,ch-j2150.jpg,$218.00,$146.00,$129.00,$123.00,40,Bocinas,0%,15
CH-J2151,(CH-J2151) Bocina Bluetooth TWS con Diseño de Automóvil,ch-j2151.jpg,$220.00,$147.00,$130.00,$124.00,40,Bocinas,0%,17
CH-J2152,(CH-J2152) Bocina para Ciclismo Bluetooth y TWS,ch-j2152.jpg,$138.00,$92.00,$82.00,$78.00,80,Bocinas,0%,49
CH-J2153,(CH-J2153) Bocina Bluetooth TWS,ch-j2153.jpg,$90.00,$60.00,$53.00,$51.00,100,Bocinas,0%,94
CH-J2155,(CH-J2155) Bocina Bluetooth TWS y Luz RGB,ch-j2155.jpg,$138.00,$92.00,$82.00,$78.00,80,Bocinas,0%,19
CH-K3015,Bocina De Diseno,ch-k3015.jpg,$247.00,$197.00,$174.00,$164.00,30,Bocinas,0%,18
CH-K3016,Bocina De Diseno,ch-k3016.jpg,$106.00,$77.00,$68.00,$64.00,60,Bocinas,0%,76
CH-K3022,Bocina De Diseno,ch-k3022.jpg,$165.00,$132.00,$116.00,$110.00,48,Bocinas,0%,25
CH-K3023,Bocina De Diseno,ch-k3023.jpg,$263.00,$211.00,$186.00,$176.00,30,Bocinas,0%,22
CH-M240,Bocina Bluetooth con Diseño de Automóvil Tipo Porsche,ch-m240.jpg,$264.00,$194.00,$171.00,$162.00,40,Bocinas,0%,14
CH-M241,Bocina Bluetooth con Diseño de Automóvil Tipo Toyota,ch-m241.jpg,$259.00,$190.00,$168.00,$158.00,40,Bocinas,0%,9
CH-M246,Bocinas De Diseño,ch-m246.jpg,$213.00,$171.00,$151.00,$142.00,30,Bocinas,0%,6
CJ-2073,Dispensador De Aceite Con Capacidad De 100ml,cj-2073.jpg,$22.00,$18.00,$16.00,$15.00,100,Hogar / Cocina,0%,20
COMBO IP 5W,Combo Ip 5W,combo ip 5w.jpg,$27.00,$22.00,$19.00,$18.00,500,Renombre,0%,65
COMBO SAMSUNG TC 45W,(COMBO SAMSUNG TC 45W) Combo Samsung Tc 45W,combo samsung tc 45w.jpg,$66.00,$45.00,$39.00,$37.00,300,Renombre / Combo Cargador,0%,128
COMBO X V8,(COMBO X V8) Combo Xiaomi V8,combo x v8.jpg,$44.00,$35.00,$31.00,$29.00,100,Renombre,0%,118
CUBO 30W TC MOTO,Cubo Tipo Motorola 30 W Tipo C,cubo 30w tc moto.jpg,$42.00,$33.00,$29.00,$28.00,100,Renombre,0%,138
CUBO IP 35W 2 TC,Cubo tipo iP 35W 2 entradas tc,cubo ip 35w 2 tc.jpg,$46.00,$36.00,$32.00,$30.00,300,Renombre,0%,86
CUBO USB 5W IP,Cubo Usb Iphone De Carga Ip,cubo usb 5w ip.jpg,$19.00,$17.00,$16.00,$15.00,500,Renombre,0%,1159
CW-2050,(CW-2050) Cepillo Vaporizador para Mascotas 3 en 1,cw-2050.jpg,$38.00,$26.00,$23.00,$22.00,150,Salud y Belleza,0%,25
CW-2051,(CW-2051) Cepillo Masajeador para Mascotas,cw-2051.jpg,$38.00,$26.00,$23.00,$22.00,200,Salud y Belleza,0%,74
CW-2055,(CW-2055) Pelota Interactiva para Gatos con Luz LED RGB,cw-2055.jpg,$44.00,$30.00,$26.00,$25.00,200,Juguetes,0%,6
DB-1,Audio Bluetooth Diseño Dragon Ball,db-1.jpg,$190.00,$152.00,$134.00,$127.00,100,Renombre,0%,15
DB1,Audifono Bluetooth Diseño,db1.jpg,$187.00,$149.00,$132.00,$125.00,100,Renombre,0%,45
DB2,Audifono Bluetooth Diseño,db2.jpg,$196.00,$156.00,$138.00,$130.00,100,Renombre,0%,407
DB4,Audífono Bluetooth Infantil con Estuche de Carga,db4.jpg,$187.00,$150.00,$132.00,$125.00,100,Renombre,0%,220
DC-130,(DC-130) Báscula Digital Recargable de Uso Comercial con Peso Aprox. de 40kg,dc-130.jpg,$780.00,$520.00,$459.00,$439.00,5,Hogar / Cocina,0%,6
DES-PLA,Paquete de Platos Desechables,des-pla.png,$167.00,$133.00,$118.00,$111.00,20,Hogar,0%,73
DKQ-9601,Adaptador para Memorias Micro SD,dkq-9601.jpg,$11.00,$9.00,$8.00,$7.50,"1,000",Cómputo,0%,16
DNSD-9211,Raton Con Cable,dnsd-9211.jpg,$31.00,$21.00,$18.00,$17.00,200,Cómputo,0%,58
DNSD-9303,Kit Teclado Y Mouse,dnsd-9303.jpg,$236.00,$157.00,$139.00,$131.00,30,Cómputo,0%,22
DNSD-9306,(DNSD-9306) Kit Teclado Y Mouse,dnsd-9306.jpg,$176.00,$118.00,$104.00,$99.00,30,Cómputo,0%,10
DNSD-9307,Kit Teclado Y Mouse,dnsd-9307.jpg,$225.00,$180.00,$159.00,$150.00,30,Cómputo,0%,15
DP-1004,(DP-1004) Foco Bocina,dp-1004.jpg,$60.00,$40.00,$35.00,$33.00,100,Iluminación,0%,7
DP-1054,Luz Led,dp-1054.jpg,$117.00,$94.00,$83.00,$78.00,100,Iluminación,0%,56
DTX128GB,Memoria Kingston Usb 128 gb DTX Exodia 3.2 Negro,dtx128gb.jpg,$200.00,$170.00,$165.00,$160.00,100,Memorias / USB,0%,33
DTXM128GB,Memoria Kingston Usb 128gb DTXM 3.2 Negro-Rojo,dtxm128gb.jpg,$200.00,$170.00,$165.00,$160.00,100,Memorias / USB,0%,15
DTXS-128GB,Memoria Kingston DTXS USB 128 GB,dtxs-128gb.jpg,$200.00,$170.00,$165.00,$160.00,100,Memorias / USB,0%,24
DZB-2330,Reloj Digital Touch Infantil,dzb-2330.jpg,$11.00,$8.00,$7.50,$7.00,"1,000",Smartwatch / Infantiles,0%,105
DZB-2701,Smartwatch Infantil Económico,dzb-2701.jpg,$22.00,$16.00,$14.00,$13.00,"1,000",Smartwatch / Infantiles,0%,163
EM23,Lampara de Campamento,em23.jpg,$60.00,$40.00,$35.00,$33.00,120,Iluminación,0%,40
EM31,Foco de Techo Plegable de Cuatro Aspas,em31.jpg,$38.00,$26.00,$23.00,$22.00,100,Iluminación,0%,45
EM39,Bombilla LED de Emergencia,em39.jpg,$72.00,$51.00,$47.00,$42.00,100,Iluminación,0%,6
EXT03M01,(EXT03M01) Extensión Eléctrica de 3m,ext03m01.jpg,$46.00,$31.00,$28.00,$26.00,60,Hogar,0%,116
EXT03M02,(EXT03M02) Extensión Eléctrica de 3m,ext03m02.jpg,$41.00,$28.00,$25.00,$24.00,60,Hogar,0%,161
EXT03M03,(EXT03M03) Extensión Eléctrica de 3m,ext03m03.jpg,$30.00,$20.00,$18.00,$17.00,70,Hogar,0%,13
EXT05M02,(EXT05M02) Extensión Eléctrica de 5m,ext05m02.jpg,$55.00,$37.00,$33.00,$31.00,45,Hogar,0%,12
EXT05M04,(EXT05M04) Extensión Eléctrica de 5m,ext05m04.jpg,$28.00,$19.00,$17.00,$16.00,80,Hogar,0%,218
EXT07M01,(EXT07M01) Extensión Eléctrica de 7m,ext07m01.jpg,$68.00,$46.00,$40.00,$39.00,30,Hogar,0%,15
EXT07M02,(EXT07M02) Extensión Eléctrica de 7m,ext07m02.jpg,$66.00,$44.00,$39.00,$38.00,30,Hogar,0%,61
EXT07M04,(EXT07M04) Extensión Eléctrica de 7m,ext07m04.jpg,$36.00,$24.00,$22.00,$21.00,60,Hogar,0%,63
EXT10M04,(EXT10M04) Extensión Eléctrica de 10m,ext10m04.jpg,$46.00,$31.00,$28.00,$26.00,50,Hogar,0%,114
EXT15M01,(EXT15M01) Extensión Eléctrica de 15m,ext15m01.jpg,$114.00,$76.00,$68.00,$65.00,15,Hogar,0%,36
EXT15M02,(EXT15M02) Extensión Eléctrica de 15m,ext15m02.jpg,$108.00,$72.00,$64.00,$61.00,15,Hogar,0%,63
EXT15M03,(EXT15M03) Extensión Eléctrica de 15m,ext15m03.jpg,$98.00,$66.00,$58.00,$56.00,15,Hogar,0%,22
FA018,Dispensador De Agua Con Luz Led,fa018.jpg,$53.00,$42.00,$37.00,$35.00,64,Hogar / Cocina,0%,18
FM-5118,"Bocina Bluetooth 2"" Mini 4",fm-5118.jpg,$135.00,$108.00,$95.00,$88.00,50,Renombre,0%,25
FS-021,Ventilador Usb,fs-021.jpg,$31.00,$25.00,$22.00,$21.00,150,Ventiladores,0%,7
FS-0210,Ventilador Recargable,fs-0210.jpg,$48.00,$38.00,$34.00,$32.00,120,Ventiladores,0%,92
FS-0213,Ventilador Recargable,fs-0213.jpg,$90.00,$72.00,$64.00,$60.00,144,Ventiladores,0%,82
FS-0216,Ventilador Recargable,fs-0216.jpg,$87.00,$70.00,$61.00,$58.00,96,Ventiladores,0%,472
FS-0227,Ventilador Diseño Casa,fs-0227.jpg,$45.00,$36.00,$32.00,$30.00,160,Ventiladores,0%,147
FS-0228,Ventilador Diseño,fs-0228.jpg,$72.00,$58.00,$51.00,$48.00,120,Ventiladores,0%,87
FS-037,Ventilador,fs-037.jpg,$70.00,$56.00,$49.00,$47.00,144,Ventiladores,0%,18
FS-1105,Mini Ventilador Recargable,fs-1105.jpg,$37.00,$29.00,$26.00,$24.00,100,Ventiladores,0%,211
FS-1110,Ventilador Pinza,fs-1110.jpg,$95.00,$76.00,$67.00,$64.00,50,Hogar,0%,98
FS-1123,Ventilador Diseño,fs-1123.jpg,$81.00,$65.00,$57.00,$54.00,45,Ventiladores,0%,234
FS-4013,Ventilador Diseño,fs-4013.jpg,$43.00,$35.00,$31.00,$29.00,168,Ventiladores,0%,745
FS-4407,Ventilador Recargable,fs-4407.jpg,$100.00,$80.00,$71.00,$67.00,72,Ventiladores,0%,48
FVB-0301,Reloj Digital Infantil Diseño Labubu,fvb-0301.jpg,$20.00,$16.00,$14.00,$13.00,"1,000",Smartwatch / Infantiles,0%,168
FVB-0302,Reloj Digital Infantil con Diseño,fvb-0302.jpg,$19.00,$15.00,$13.50,$12.50,"1,000",Smartwatch / Infantiles,0%,486
GJ-306-3M,(GJ-306-3M) Flexómetro de 3 Metros con Seguro y Carcasa Anti golpes,gj-306-3m.jpg,$18.00,$15.00,$13.00,$13.00,240,Ferretería,0%,246
GJ-307-3M,Cinta Metrica,gj-307-3m.jpg,$13.00,$11.00,$9.50,$9.00,240,Ferretería,0%,237
GJ-359,Destapa Corchos Metálico,gj-359.jpg,$39.00,$28.00,$25.00,$24.00,120,Hogar / Cocina,0%,30
GJ-360,(GJ-360) Kit de Herramientas de Instalación de Red,gj-360.jpg,$320.00,$213.00,$188.00,$178.00,10,Ferretería,0%,15
GJ-362,(GJ-362) Candado de Casco,gj-362.jpg,$30.00,$20.00,$18.00,$17.00,250,Ferretería,0%,212
GTS-1767,"(GTS-1767) Bocina Bluetooth 4""",gts-1767.jpg,$170.00,$114.00,$100.00,$96.00,30,Bocinas,0%,7
GTS-1868,"(GTS-1868) Bocina Bluetooth 4"" Luz LED Tipo Flama con Micrófono",gts-1868.jpg,$174.00,$116.00,$103.00,$98.00,30,Bocinas,0%,8
GTS-2040,"Bocina De 3""",gts-2040.jpg,$132.00,$105.00,$93.00,$88.00,50,"Bocinas / 3""",0%,19
GTS-2117,"(GTS-2117) Bocina Bluetooth Karaoke 4"" con Micrófono Inalámbrico",gts-2117.jpg,$138.00,$92.00,$82.00,$78.00,50,"Bocinas / 4""",0%,51
GTS-2152,"(GTS-2152) Bocina Bluetooth 4"" x2 con Luz LED",gts-2152.jpg,$266.00,$178.00,$157.00,$150.00,24,"Bocinas / 4x2""",0%,13
GTS-2201,Bocina De Diseno,gts-2201.jpg,$92.00,$73.00,$65.00,$61.00,100,Bocinas,0%,27
GTS-C927,(GTS-C927) Transmisor Bluetooth/FM para Automóvil,gts-c927.jpg,$44.00,$30.00,$26.00,$25.00,200,Transmisores,0%,129
HDM-9404,Cable HDMI a HDMI de 10 Metros,hdm-9404.jpg,$82.00,$60.00,$53.00,$50.00,50,Cables,0%,12
HDM-9405,Cable HDMI 15 Metros,hdm-9405.jpg,$98.00,$78.00,$69.00,$65.00,40,Cables,0%,12
HJ-183,Encendedor Eléctrico Recargable con Linterna COB,hj-183.jpg,$38.00,$25.00,$22.00,$21.00,300,Hogar,0%,146
HJ-185,Cenicero,hj-185.jpg,$63.00,$51.00,$45.00,$42.00,100,Hogar,0%,15
HJ-186,Encendedor Eléctrico Recargable con Linterna COB,hj-186.jpg,$42.00,$31.00,$28.00,$26.00,400,Iluminación,0%,69
HL-13,Audífonos Bluetooth con Estuche Transparente,hl-13.jpg,$133.00,$107.00,$94.00,$89.00,100,Renombre,0%,86
HOG.78,Maquina De Sellado Al Vacio,hog.78.jpg,$190.00,$152.00,$134.00,$127.00,50,Hogar,0%,62
HOG.953.P,Escobilla Desechable Para Baño,hog.953.p.jpg,$32.00,$25.00,$22.00,$21.00,100,Hogar,0%,64
HS-USB-E327C-128G-U3,Memoria HIKSEMI USB 128gb E327C Dual Tipo A-C,hs-usb-e327c-128g-u3.jpg,$170.00,$150.00,$145.00,$140.00,100,Memorias / USB,0%,49
HS-USB-E327C-256G-U3,Memoria HIKSEMI USB 256gb E327C Dual Tipo A-C,hs-usb-e327c-256g-u3.jpg,$345.00,$315.00,$310.00,$305.00,100,Memorias / USB,0%,71
HS-USB-M200-128GB,Memoria HIKSEMI USB 128gb M200 Metalica,hs-usb-m200-128gb.jpg,$150.00,$135.00,$130.00,$124.00,100,Memorias / USB,0%,137
HVH-80301,Linterna Llavero ,hvh-80301.jpg,$27.00,$23.00,$21.00,$19.00,240,Iluminación,0%,126
HVH-80510,Linterna Luz Led de Búsqueda Portátil,hvh-80510.jpg,$105.00,$84.00,$74.00,$70.00,200,Iluminación,0%,164
HVV-00210,(HVV-00210) Aro de Luz Blanca de 10 Pulgadas TAJA,hvv-00210.jpg,$90.00,$58.00,$54.00,$50.00,30,Iluminación,0%,20
HVV-00251,(HVV-00251) Aro de Luz RGB 12 Pulgadas TAJA,hvv-00251.jpg,$147.00,$108.00,$97.00,$90.00,30,Iluminación,0%,35
HZJ-919,Estante De Cosmetico Organizador,hzj-919.jpg,$100.00,$67.00,$59.00,$56.00,60,Salud y Belleza,0%,24
HZJ-928,Espejo con Luz LED y Aumento 10x,hzj-928.jpg,$138.00,$92.00,$82.00,$77.00,48,Salud y Belleza,0%,19
I12SG,Audífonos Bluetooth I12S Verde,i12sg.jpg,$64.00,$51.00,$45.00,$43.00,100,Audífonos,0%,32
JC-16,(JC-16) Tripie y Selfie Stick Bluetooth 360° con Mini Control Remoto,jc-16.jpg,$290.00,$194.00,$171.00,$163.00,50,Soportes para Celular / Selfie Stick,0%,22
JC-26,(JC-26) Luz Portátil para Foto y Video RGB,jc-26.jpg,$84.00,$56.00,$50.00,$48.00,150,Iluminación,0%,79
JJYP272,(JJYP272) Vaso Portable 400 Ml,jjyp272.jpg,$100.00,$80.00,$71.00,$67.00,6,Hogar / Cocina,0%,7
JS-9637,Calculadora Básica Retro Transparente de 10 Dígitos Degradado,js-9637.jpg,$64.00,$47.00,$42.00,$39.00,144,Hogar,0%,46
JS-9640,Calculadora Básica de 12 Dígitos con Color Degradado con Carga Solar,js-9640.jpg,$40.00,$30.00,$26.00,$25.00,300,Hogar,0%,102
JSQ-23,(JSQ-23) Humidificador Foco,jsq-23.jpg,$92.00,$73.00,$65.00,$61.00,34,Hogar,0%,20
KC-U2L128-7LB,Memoria Kingston Usb 128gb DTXM Exodia 3.2 Aqua,kc-u2l128-7lb.jpg,$195.00,$170.00,$165.00,$160.00,100,Memorias / USB,0%,62
KC-U2L128-7LG,Memoria Kingston Usb 128gb DTXM Exodia 3.2 Verde,kc-u2l128-7lg.jpg,$195.00,$170.00,$165.00,$160.00,100,Memorias / USB,0%,46
KC-U2L128-7LN,Memoria Kingston Usb 128gb DTXM Exodia 3.2 Rosa,kc-u2l128-7ln.jpg,$195.00,$170.00,$165.00,$160.00,100,Memorias / USB,0%,92
KC-U2L128-7LP,Memoria Kingston Usb 128gb DTXM Exodia 3.2 Morado,kc-u2l128-7lp.jpg,$195.00,$170.00,$165.00,$160.00,100,Memorias / USB,0%,69
KF-AM18,Bocina*Am*Fm,kf-am18.jpg,$177.00,$141.00,$125.00,$118.00,50,Bocinas,0%,13
KF-AM55,Radio Am,kf-am55.jpg,$200.00,$160.00,$141.00,$133.00,40,Bocinas,0%,13
KM10-128,Memoria Km USB 128gb KM10,km10-128.jpg,$120.00,$115.00,$110.00,$105.00,100,Memorias / USB,0%,53
KQL-6101,Soporte para cepillo de dientes,kql-6101.jpg,$165.00,$132.00,$116.00,$110.00,75,Salud y Belleza,0%,50
KQL-6102,Soporte para cepillo de dientes,kql-6102.jpg,$210.00,$168.00,$148.00,$140.00,35,Salud y Belleza,0%,34
KQL-6103,Soporte para cepillo de dientes,kql-6103.jpg,$255.00,$204.00,$180.00,$170.00,16,Salud y Belleza,0%,19
KTF-1488,Radio,ktf-1488.jpg,$192.00,$153.00,$135.00,$128.00,60,Bocinas,0%,44
KTF-1641,Bocina*Am*Fm,ktf-1641.jpg,$208.00,$167.00,$147.00,$139.00,40,Bocinas,0%,10
KTF-1651,Bocina*Am*Fm,ktf-1651.jpg,$197.00,$157.00,$139.00,$131.00,40,Bocinas,0%,7
KTF-2207,Bocina bluetooth con Reloj y Carga Solar Radio FM/AM,ktf-2207.jpg,$230.00,$184.00,$162.00,$153.00,40,Bocinas,0%,15
KTS-1446,Bocina Bluetooth Con Panel Solar Radio Fm,kts-1446.jpg,$297.00,$237.00,$209.00,$198.00,20,Bocinas,0%,17
KTS-1827,Mini Bocina Cilindrica Bluetooth RGB,kts-1827.jpg,$165.00,$132.00,$116.00,$110.00,60,Bocinas,0%,42
KTS-1966,"Bocina Bluetooth 4"" 12W TWS RGB",kts-1966.jpg,$280.00,$224.00,$198.00,$187.00,20,"Bocinas / 4""",0%,6
LED-1330,Tira Led 5 Metros Con 30 Leds Rgb,led-1330.jpg,$65.00,$48.00,$42.00,$40.00,50,Iluminación,0%,29
LED-736,(LED-736) Lámpara Táctil con Diseño de Nube,led-736.jpg,$120.00,$80.00,$70.00,$66.00,60,Iluminación / Lámparas / De Escritorio,0%,43
LUD-003,Luminaria Decorativa Solar De Abejas ,lud-003.jpg,$207.00,$146.00,$165.00,$138.00,100,Iluminación,0%,84
LUD-004,Serie Decorativa Alambre 20 W,lud-004.jpg,$272.00,$217.00,$192.00,$181.00,100,Iluminación,0%,75
LUD-006,Luminaria decorativa navideña,lud-006.jpg,$222.00,$177.00,$156.00,$148.00,100,Iluminación,0%,50
LUD-014,Cascada Decorativa Colores 96 Led,lud-014.jpg,$175.00,$140.00,$124.00,$117.00,60,Iluminación,0%,24
LUD-015,(LUD-015) Cascada Decorativa Blanca 3M 96 Led,lud-015.jpg,$175.00,$140.00,$124.00,$117.00,15,Iluminación,0%,13
LUD-019,Cascada Decorativa Blanca 120 Led,lud-019.jpg,$168.00,$135.00,$119.00,$112.00,100,Iluminación,0%,130
LUD-020,Cascada Blanca Decorativa 200 Led,lud-020.jpg,$227.00,$181.00,$160.00,$151.00,50,Iluminación,0%,65
LUD-022,Cascada Decorativa Colores 240 Led,lud-022.jpg,$382.00,$305.00,$269.00,$254.00,50,Iluminación,0%,161
LUD-036,Serie De Luces Led,lud-036.jpg,$200.00,$160.00,$141.00,$133.00,100,Iluminación,0%,63
LV67W12,Ventilador de Techo con Lámpara 28w,lv67w12.jpg,$90.00,$64.00,$59.00,$55.00,60,Iluminación,0%,8
M016,Memoria Usb 16 GB con Musica ,m016.jpg,$80.00,$68.00,$64.00,$62.00,"1,000",Memorias / USB,0%,3924
MB-176,Bocina Bluetooth con Luz Led,mb-176.jpg,$425.00,$340.00,$300.00,$283.00,20,Bocinas,0%,91
MCM-008,Bocina Bluetooth 2 Pulgadas,mcm-008.jpg,$96.00,$64.00,$56.00,$53.00,50,Bocinas,0%,8
MGSF 2 EN 1,Adaptador magsafe 2 en 1,mgsf 2 en 1.jpg,$233.00,$187.00,$165.00,$156.00,100,Renombre,0%,44
MGSF 22.5W,Bateria Magsafe con Pantalla 22.5w,mgsf 22.5w.jpg,$198.00,$158.00,$140.00,$132.00,100,Renombre,0%,496
MQ-006,Lámpara Led Giratoria 1.5W RGB,mq-006.jpg,$64.00,$43.00,$38.00,$36.00,100,Iluminación,0%,88
MR-049,Limpiador Facial,mr-049.jpg,$87.00,$69.00,$61.00,$58.00,150,Salud y Belleza,0%,14
MR-106P,Máquina Cortadora de Cabello de Plástico con Diseño de Buda,mr-106p.jpg,$56.00,$38.00,$33.00,$32.00,100,Salud y Belleza,0%,43
MR-107P,Máquina Cortadora de Cabello de Plástico con Diseño de Dragón,mr-107p.jpg,$56.00,$38.00,$33.00,$32.00,100,Salud y Belleza,0%,98
MR-111,Máquina Cortadora de Cabello de Plástico con Diseño de Dragón Tornasol,mr-111.jpg,$56.00,$37.00,$33.00,$31.00,100,Salud y Belleza,0%,33
MR-115,Cortadora De Cabello,mr-115.jpg,$110.00,$74.00,$65.00,$62.00,100,Salud y Belleza,0%,18
MR-120,Cortador De Cabello,mr-120.jpg,$110.00,$73.00,$65.00,$62.00,100,Salud y Belleza,0%,19
MR-123,(MR-123) Rasuradora Electrica 3 en 1,mr-123.jpg,$180.00,$120.00,$106.00,$102.00,80,Salud y Belleza,0%,59
MR-127,Rasuradora Eléctrica con Pantalla LCD Recargable,mr-127.jpg,$180.00,$132.00,$117.00,$110.00,60,Salud y Belleza,0%,14
MR-128,Rasuradora Electrica,mr-128.jpg,$180.00,$120.00,$106.00,$100.00,60,Salud y Belleza,0%,43
MR-135,(MR-135) Máquina Rasuradora Portátil,mr-135.jpg,$110.00,$73.00,$65.00,$62.00,200,Salud y Belleza,0%,60
MR-139P,Rasuradora Eléctrica con 4 Peines,mr-139p.jpg,$116.00,$78.00,$69.00,$65.00,100,Salud y Belleza,0%,20
MR-305,Plancha de Cabello de 4 Niveles,mr-305.jpg,$130.00,$86.00,$76.00,$72.00,60,Salud y Belleza,0%,9
MR-707,(MR-707) Removedor de Pelusa Eléctrica,mr-707.jpg,$76.00,$51.00,$45.00,$42.00,80,Salud y Belleza,0%,63
MR-711,(MR-711) Quitadora de Bolas de Pelusa,mr-711.jpg,$76.00,$51.00,$45.00,$43.00,100,Salud y Belleza,0%,97
MR-837,(MR-837) Micrófono Inalámbrico de Clip para Celular,mr-837.jpg,$76.00,$51.00,$45.00,$43.00,100,Accesorios para Celular,0%,47
MR-867,Pistola de Fascia,mr-867.jpg,$50.00,$33.00,$31.00,$29.00,200,Salud y Belleza,0%,57
MR-892,(MR-892) Micrófonos Inalámbricos con Estuche de Carga,mr-892.jpg,$250.00,$167.00,$148.00,$141.00,100,Accesorios para Celular,0%,26
MR-900,Cinturon Calido Del Palacio,mr-900.jpg,$92.00,$73.00,$65.00,$62.00,100,Salud y Belleza,0%,46
MULTI-08,"Barra Multicontacto 3 Enchufes, 2 USB, 1 Tipo C",multi-08.jpg,$118.00,$79.00,$70.00,$66.00,80,Hogar,0%,35
MULTI-10,"Barra Multicontacto 4 Enchufes, 2 Puertos USB y 1 Puerto Tipo C",multi-10.jpg,$130.00,$87.00,$76.00,$73.00,80,Hogar,0%,18
MULTI-16,"Multi Contacto 5 enchufes, conexión USB, Conexión Tipo C",multi-16.jpg,$150.00,$100.00,$89.00,$84.00,60,Hogar,0%,24
MULTI-28,(MULTI-28) Extensión Eléctrica de 3m,multi-28.jpg,$24.00,$16.00,$15.00,$14.00,120,Hogar,0%,88
MULTI-31,Extensión Eléctrica de 15m,multi-31.jpg,$100.00,$74.00,$65.00,$62.00,40,Hogar,0%,10
MULTI-32,(MULTI-32) Multicontacto de 3 Puertos + Entrada USB y Tipo C 2500W,multi-32.jpg,$116.00,$77.00,$68.00,$65.00,80,Hogar / Otros,0%,64
MVP-1012,Ventilador Portatil Con Bandeja Para Agua O Aromatizante Mitzu,mvp-1012.jpg,$140.00,$93.00,$82.00,$78.00,60,Ventiladores,0%,508
NTN-30303,Rasuradora Vintage,ntn-30303.jpg,$54.00,$42.00,$39.00,$36.00,100,Salud y Belleza,0%,17
NTN-30303,Rasuradora Vintage,ntn-30303.jpg,$54.00,$44.00,$41.00,$37.00,100,Salud y Belleza,0%,17
NTN-30306,Rasuradora Vintage de Hombre,ntn-30306.jpg,$57.00,$42.00,$39.00,$36.00,100,Salud y Belleza,0%,16
P9,Diadema Bluetooth P9,p9.jpg,$78.00,$68.00,$65.00,$60.00,80,Diademas,0%,59
P9PROMAX,Diadema Bluetooth P9 Promax,p9promax.jpg,$102.00,$68.00,$60.00,$57.00,80,Diademas,0%,107
P9PROMAXPAINT,Audifonos de Diadema Bluetooth Diseño Paint P9,p9promaxpaint.jpg,$99.00,$82.00,$78.00,$73.00,80,Diademas,0%,312
PC-991,Audifono Bluetooth Diseño,pc-991.jpg,$187.00,$150.00,$132.00,$125.00,100,Renombre,0%,195
PJ098N,Soporte Para Celular,pj098n.jpg,$25.00,$20.00,$18.00,$17.00,300,1HORA,0%,487
PL-19,(PL-19) Mini Batería MagSafe Portátil para iPhone,pl-19.jpg,$130.00,$87.00,$77.00,$74.00,100,Renombre / Power Bank,0%,282
PL-23,"(PL-23) Power Bank 20,000 mAh con Linterna LED",pl-23.jpg,$90.00,$60.00,$53.00,$51.00,160,"Power Banks / 20,000 mAh",0%,99
PLAYO CALIBRE .80 18,Playo 18,playo calibre .80 18.jpg,$166.00,$166.00,$147.00,$138.00,50,Hogar,0%,146
PRO70,Audífonos Inalámbricos para Niños con Estuche LED,pro70.jpg,$177.00,$142.00,$125.00,$118.00,100,Renombre,0%,222
QJ-191,Mini Trapeador de Mano,qj-191.jpg,$31.00,$23.00,$20.00,$19.00,200,Hogar,0%,74
QN-20,Calentador,qn-20.jpg,$197.00,$157.00,$139.00,$131.00,60,Hogar,0%,52
QN-22,Calentador,qn-22.jpg,$175.00,$140.00,$124.00,$117.00,30,Hogar,0%,24
QRJ-03,Globo con Rosa y Tira LED,qrj-03.jpg,$28.00,$22.00,$19.00,$18.00,300,Temporada,0%,85
RD-248,Bocina Bluetooth-Radio FM 5w con Panel Solar,rd-248.jpg,$183.00,$147.00,$129.00,$122.00,40,Bocinas,0%,61
RD-250,"Bocina Bluetooth 3"" Diseño Vintage",rd-250.jpg,$348.00,$279.00,$246.00,$232.00,30,Bocinas,0%,6
RD-256,"Bocina Bluetooth Diseño Vintage 1.5W 3""",rd-256.jpg,$275.00,$220.00,$194.00,$183.00,40,Bocinas,0%,8
RD-261,Bocina mini Portatil 3W 5V Vintage Bluetooth Carga Solar,rd-261.jpg,$273.00,$219.00,$193.00,$182.00,30,Bocinas,0%,20
RYL-2001,Encendedor giratorio de 360 grados,ryl-2001.jpg,$43.00,$31.00,$28.00,$26.00,200,Hogar,0%,54
S04W06,Luminario LED de Plafon 9W 85-265 V/60Hz,s04w06.jpg,$53.00,$42.00,$37.00,$35.00,50,Iluminación,0%,18
S11,SmartWatch S11,s11.jpg,$380.00,$253.00,$224.00,$211.00,100,Renombre,0%,76
S8 DISNEY,Audifonos Bluetooth Diseño,s8 disney.jpg,$149.00,$119.00,$105.00,$99.00,100,Renombre,0%,287
SA316T,Bocina Bluetooth de 3 Pulgadas + Micrófono,sa316t.jpg,$287.00,$229.00,$202.00,$191.00,30,"Bocinas / 3""",0%,44
SA322T,"Bocina Bluetooth 3"" 10W + Micrófono RGB",sa322t.jpg,$258.00,$207.00,$182.00,$172.00,30,"Bocinas / 3""",0%,18
SA325T,Bocina Portátil de 3 Pulgadas 5W,sa325t.jpg,$56.00,$45.00,$40.00,$38.00,80,"Bocinas / 3""",0%,276
SA8065T,Bocina 8 Pulgadas 10W Con Luz Rgb + Microfono,sa8065t.jpg,$312.00,$250.00,$220.00,$208.00,8,"Bafles / 10""",0%,44
SAM INAL S10,Cargador Inalambrico Tipo Samsung S10,sam inal s10.jpg,$99.00,$79.00,$70.00,$66.00,200,Renombre,0%,311
SAMSUNG COMBO 65W,(SAMSUNG COMBO 65W) SAMSUNG COMBO 65W,samsung combo 65w.jpg,$90.00,$60.00,$54.00,$50.00,300,Renombre / Combo Cargador,0%,294
SB416T,Bocina Bluetooth 4 x2 Pulgadas 10w,sb416t.jpg,$267.00,$213.00,$188.00,$178.00,12,"Bocinas / 4""",0%,104
SD-562,"(SD-562) Linterna LED + COB, Zoom",sd-562.jpg,$38.00,$26.00,$23.00,$22.00,320,Iluminación / Lámparas / De Mano,0%,528
SD-563,"(SD-563) Mini Linterna LED, COB + Zoom",sd-563.jpg,$34.00,$23.00,$20.00,$20.00,320,Iluminación,0%,17
SD-567,Linterna LED Táctica de Metal + COB + Zoom,sd-567.jpg,$80.00,$53.00,$47.00,$44.00,120,Iluminación,0%,97
SD-568,Linterna LED Táctica de Metal + COB + Zoom,sd-568.jpg,$93.00,$68.00,$60.00,$57.00,120,Iluminación,0%,12
SD-570,Linterna con Display + COM Zoom y Cuerpo de Metal,sd-570.jpg,$100.00,$67.00,$59.00,$56.00,120,Iluminación,0%,63
SD-575,(SD-575) Linterna LED Multifuncional Portátil,sd-575.jpg,$260.00,$174.00,$153.00,$147.00,60,Iluminación,0%,8
SD-580,Linterna con Zoom LED + COB,sd-580.jpg,$119.00,$87.00,$77.00,$73.00,160,Iluminación,0%,52
SD-585,(SD-585) Linterna Portátil LED 5W,sd-585.jpg,$72.00,$48.00,$43.00,$41.00,150,Iluminación,0%,74
SD-586,Linterna Portátil LED 5W,sd-586.jpg,$135.00,$115.00,$105.00,$94.00,50,Iluminación,0%,66
SDCS2512GB,Memoria Kingston Micro SD 512GB Blister 100MB-S,sdcs2512gb.jpg,"$1,350.00","$1,150.00","$1,100.00","$1,076.00",50,Memorias / Micro SD,0%,23
SJ-12200,Bloqueo De Huellas Dactilare,sj-12200.jpg,$220.00,$160.00,$141.00,$133.00,50,Seguridad,0%,6
SJ-2501,Candado para Moto de 40mm,sj-2501.jpg,$38.00,$25.00,$22.00,$21.00,120,Hogar,0%,100
SJ-2502,Candado para Moto de 50mm,sj-2502.jpg,$50.00,$33.00,$29.00,$28.00,96,Ferretería,0%,108
SJ-2503,Candado para Moto de 60mm,sj-2503.jpg,$58.00,$39.00,$35.00,$33.00,60,Hogar,0%,8
SNA-5831,Extension Electrica Socket 5M,sna-5831.jpg,$30.00,$22.00,$20.00,$19.00,100,Ferretería,0%,15
SOP-1078,Soporte Ajustable para Celular,sop-1078.jpg,$46.00,$34.00,$30.00,$28.00,100,Soportes para Celular,0%,49
SOP-1079,Soporte Magnético de Auto para Celular,sop-1079.jpg,$33.00,$24.00,$22.00,$20.00,200,Soportes para Celular,0%,8
SOP-1080,(SOP-1080) Soporte de Celular para Automóvil,sop-1080.jpg,$50.00,$34.00,$30.00,$29.00,100,Soportes para Celular,0%,36
SOPORTE 14-42," Soporte De Tv 14""",soporte 14-42.jpg,$248.00,$198.00,$175.00,$165.00,5,Hogar,0%,8
SPE-597,Bocina Megáfono Bluetooth ,spe-597.jpg,$95.00,$82.00,$75.00,$70.00,60,Bocinas,0%,9
ST-A003,(ST-A003) Audífonos Bluetooth Inalámbricos,st-a003.jpg,$110.00,$74.00,$65.00,$62.00,100,Audífonos,0%,80
ST-A005,(ST-A005) Audífonos Bluetooth Inalámbricos,st-a005.jpg,$110.00,$74.00,$65.00,$62.00,100,Audífonos,0%,21
ST-A007,(ST-A007) Audífonos Bluetooth Inalámbricos,st-a007.jpg,$110.00,$74.00,$65.00,$62.00,100,Audífonos,0%,24
ST-A008,(ST-A008) Audífonos Bluetooth Inalámbricos,st-a008.jpg,$110.00,$74.00,$65.00,$62.00,100,Audífonos,0%,47
ST-A018,(ST-A018) Audífonos Bluetooth Inalámbricos,st-a018.jpg,$110.00,$74.00,$65.00,$62.00,100,Audífonos,0%,23
ST-A022,(ST-A022) Audífonos Bluetooth con Estuche de Carga,st-a022.jpg,$110.00,$74.00,$65.00,$62.00,100,Audífonos / Bluetooth,0%,95
ST-A023,(ST-A023) Audífonos Bluetooth Inalámbricos,st-a023.jpg,$114.00,$76.00,$68.00,$65.00,100,Audífonos,0%,109
ST-A025,(ST-A025) Audífonos Bluetooth Inalámbricos,st-a025.jpg,$110.00,$74.00,$65.00,$62.00,100,Audífonos,0%,74
ST-A029,(ST-A029) Audífonos Bluetooth Inalámbricos,st-a029.jpg,$110.00,$74.00,$65.00,$62.00,100,Audífonos,0%,96
ST-A031,(ST-A031) Audífonos Bluetooth Inalámbricos,st-a031.jpg,$110.00,$74.00,$65.00,$62.00,100,Audífonos,0%,104
ST-W152,(ST-W152) Audífonos Bluetooth con Power Bank,st-w152.jpg,$84.00,$56.00,$50.00,$48.00,200,Audífonos / Bluetooth,0%,162
T1,Audífonos Bluetooth Diseño Infantil,t1.jpg,$175.00,$140.00,$123.00,$116.00,100,Renombre,0%,188
T25,Audífonos Bluetooth Diseño,t25.jpg,$161.00,$129.00,$113.00,$107.00,100,Renombre,0%,552
T5054EX02R,Tira Led Roja 5 Metros,t5054ex02r.jpg,$59.00,$47.00,$41.00,$39.00,100,Iluminación,0%,54
T5054EX02V,Tira Led Verde 5 Metros,t5054ex02v.jpg,$59.00,$47.00,$41.00,$39.00,100,Iluminación,0%,95
TB-6311,Reloj Inteligente T500 Plus,tb-6311.jpg,$82.00,$60.00,$52.00,$50.00,100,Smartwatch,0%,97
TB-6324,Smart Watch Ft50,tb-6324.jpg,$90.00,$66.00,$58.00,$55.00,100,Smartwatch,0%,88
TC-1001,Plug In Para Auto 2 Usb,tc-1001.jpg,$8.00,$6.00,$5.50,$5.00,"1,000",Cargadores,0%,26
TE-20,Audífonos Bluetooth ANC con Pantalla 2.8 Pulgadas,te-20.jpg,$420.00,$336.00,$296.00,$280.00,50,Renombre,0%,155
TLCD02-8P,Pizarron Magico De 8 Pulgadas Unicolor,tlcd02-8p.jpg,$23.00,$19.00,$16.00,$15.00,100,Juguetes,0%,51
TO-1021,Consola Retro SUP ,to-1021.jpg,$150.00,$120.00,$110.00,$100.00,100,Entretenimiento,0%,144
TO-2001,(TO-2001) Kit Carga Y Juega Compatible Con Xbox 360,to-2001.jpg,$90.00,$66.00,$59.00,$55.00,100,Entretenimiento,0%,13
TR-6009,Audífonos Bluetooth con Estuche de Carga ,tr-6009.jpg,$57.00,$42.00,$37.00,$35.00,100,Audífonos,0%,11
TR-6030,(TR-6030) Audífonos Bluetooth con Estuche de Carga,tr-6030.jpg,$125.00,$99.00,$88.00,$83.00,100,Audífonos,0%,48
TR-6043,Audífonos Bluetooth con Estuche de Carga,tr-6043.jpg,$158.00,$126.00,$111.00,$105.00,100,Audífonos,0%,112
TR-6066,Audífonos Bluetooth con Estuche de Carga,tr-6066.jpg,$115.00,$85.00,$75.00,$70.00,100,Audífonos,0%,16
TR-9957,Diadema Tipo Beats Bear Line,tr-9957.jpg,$332.00,$265.00,$234.00,$221.00,100,Renombre,0%,199
TS-0932,Cable de Carga Gen Tipo C a C,ts-0932.jpg,$7.00,$6.00,$5.00,$4.00,"1,000",Cables,0%,253
TS-540,Cable V8 vinipiel,ts-540.jpg,$5.50,$4.50,$4.00,$3.50,"1,000",Cables,0%,330
TS-6601CALK,Serie 300 Focos Led Calida,ts-6601calk.jpg,$157.00,$125.00,$111.00,$104.00,100,Iluminación,0%,23
TS-8602V3CK,Serie de 500 focos led multicolor,ts-8602v3ck.jpg,$267.00,$213.00,$188.00,$178.00,16,Hogar,0%,15
TWS-04,Audífonos Bluetooth + Llavero,tws-04.jpg,$113.00,$91.00,$80.00,$76.00,100,Renombre,0%,6
TWS-06,(TWS-06) Audifonos Bluetooth Personajes,tws-06.jpg,$120.00,$96.00,$84.00,$80.00,100,Renombre,0%,17
TWS-7304,(TWS-7304) Audífonos Bluetooth con Estuche LED,tws-7304.jpg,$82.00,$60.00,$55.00,$50.00,100,Audífonos,0%,7
TXD-15,Rastrillo Desechable con Doble Hoja y Mango Ergonómico,txd-15.jpg,$20.00,$14.00,$12.00,$12.00,144,Salud y Belleza,0%,87
TY-9001,Cable Auxiliar 1 Metro 3.5mm a 3.5mm,ty-9001.jpg,$6.50,$5.00,$4.50,$4.20,100,Cables,0%,237
TY-Q115,(TY-Q115) Pelota Saltarina de Rebote con Diseño Bicolor,ty-q115.jpg,$17.00,$13.00,$12.00,$11.00,504,Juguetes,0%,6
TY-Q116,Pelotas Que Rebotan,ty-q116.jpg,$17.00,$13.00,$12.00,$11.00,504,Juguetes,0%,208
USB16KM10PREM,Memoria KM USB 16 GB KM10 Premium Bulk Silver Musica ,usb16km10prem.jpg,$60.00,$75.00,$72.00,$69.00,500,Memorias / USB,0%,27
VASO-107,Vaso,vaso-107.jpg,$75.00,$60.00,$53.00,$50.00,60,Hogar / Cocina,0%,7
VB357T,Bocina Bluetooth 3 x2 Pulgadas 5w,vb357t.jpg,$158.00,$127.00,$112.00,$106.00,24,"Bocinas / 3x2""",0%,700
VIL-0010,Lampara de mano led recargable,vil-0010.jpg,$37.00,$29.00,$26.00,$24.00,120,Iluminación,0%,1058
VIL-0012,Lampara led de mano recargable led-1446,vil-0012.jpg,$47.00,$38.00,$33.00,$31.00,120,Iluminación,0%,41
VIL-0014,Lampara led de mano recargable solar led-1447,vil-0014.jpg,$87.00,$69.00,$61.00,$58.00,100,Iluminación,0%,69
VJT-0004,Patin para niños con asiento,vjt-0004.jpg,$340.00,$272.00,$240.00,$227.00,8,Juguetes,0%,12
VJT-0006,Camara Digital para Niños Recargable,vjt-0006.jpg,$209.00,$160.00,$155.00,$150.00,100,Juguetes,0%,26
VPB-0017,Batería Portátil 5000 mAh Carga Rápida 22.5W Pantalla Digital,vpb-0017.jpg,$199.00,$157.00,$139.00,$130.00,100,Power Banks,0%,398
VPN-0006,Patin con asiento para niños,vpn-0006.jpg,$384.00,$307.00,$271.00,$256.00,10,Juguetes,0%,38
WD-05M,Cable de Carga V8 1M,wd-05m.jpg,$10.00,$8.00,$7.50,$7.00,200,Cables,0%,202
WG-147,Bocina Bluetooth de Disco Portatil,wg-147.jpg,$208.00,$167.00,$147.00,$139.00,60,Bocinas,0%,6
WG-184,Bocina Portatil Bluetooth Cubo,wg-184.jpg,$115.00,$92.00,$81.00,$77.00,100,Bocinas,0%,51
WG-602,Bocina Bluetotoh Portatil Extra Bass,wg-602.jpg,$242.00,$193.00,$171.00,$161.00,100,Bocinas,0%,13
WJ-1352,(WJ-1352) Pistola de Juguete M4A1 Mini Hidrogel,wj-1352.jpg,$328.00,$219.00,$193.00,$182.00,32,Juguetes,0%,33
WJ-1364,(WJ-1364) Mini Alcancía de juguete,wj-1364.jpg,$172.00,$115.00,$105.00,$96.00,48,Juguetes,0%,15
WKS-204,Megáfono Bluetooth con Antena,wks-204.jpg,$128.00,$94.00,$83.00,$78.00,80,Bocinas,0%,29
WSZ-801,Vela de Calabaza para Halloween,wsz-801.jpg,$10.00,$8.00,$7.50,$7.00,576,Hogar,0%,119
X2,"Mini consola arcade 64Gb + 30,000 juegos",x2.jpg,$433.00,$346.00,$306.00,$289.00,40,Entretenimiento,0%,862
XB-5200,Power Bank Con Indicador,xb-5200.jpg,$95.00,$82.00,$75.00,$70.00,100,Power Banks,0%,13
XH-I8-1693,Cable Iphone,xh-i8-1693.jpg,$11.00,$7.50,$6.50,$6.00,500,Cables,0%,29
XM-113,Bocina Bluetooth Cilindrica Recargable ,xm-113.jpg,$98.00,$72.00,$63.00,$60.00,50,Bocinas,0%,16
XM-7130,Bocina de Baño,xm-7130.jpg,$49.00,$36.00,$32.00,$30.00,100,Bocinas,0%,113
XM-7189,Mini Bocina,xm-7189.jpg,$71.00,$62.00,$48.00,$45.00,100,Bocinas,0%,18
XO-8150,Transmisor Bt,xo-8150.jpg,$39.00,$31.00,$28.00,$26.00,200,Transmisores,0%,14
XQ-213,Caja de Regalo en Forma de corazón con Cadena y Aretes con 10 Rosas,xq-213.jpg,$58.00,$47.00,$41.00,$39.00,165,Temporada,0%,56
XQ-232,Rosa Eterna con Detalle de Oso y Corazón,xq-232.jpg,$8.00,$6.50,$6.00,$5.50,500,Temporada,0%,537
XQ-237,Flor Eterna con Corazón de Unicel para Regalo,xq-237.jpg,$18.00,$15.00,$13.00,$12.00,300,Temporada,0%,266
XQ-251,Ramo de Rosas Eternas para Regalo,xq-251.jpg,$26.00,$21.00,$18.00,$17.00,400,Temporada,0%,351
XQ-252,Ramo de Rosas Eternas para Regalo,xq-252.jpg,$23.00,$19.00,$17.00,$16.00,370,Temporada,0%,308
XQ-253,Rosa Eterna para Regalo,xq-253.jpg,$16.00,$13.00,$11.00,$10.50,520,Temporada,0%,396
XQ-257,Cajita de Aluminio con Rosa Eterna y Collar,xq-257.jpg,$24.00,$19.00,$17.00,$16.00,527,Temporada,0%,292
XQ-260,Alhajero con Rosa Eterna y Collar para Regalo,xq-260.jpg,$90.00,$72.00,$64.00,$60.00,100,Temporada,0%,35
XQ-605,Caja de Regalo con Oso de Peluche,xq-605.jpg,$27.00,$21.00,$19.00,$18.00,192,Temporada,0%,56
XQ-606,Caja de Regalo de Rosas,xq-606.jpg,$33.00,$27.00,$24.00,$22.00,192,Temporada,0%,124
XQ-607,Cajita de Regalo con Ramo y Osito ,xq-607.jpg,$58.00,$47.00,$41.00,$39.00,120,Temporada,0%,109
XQ-609,Cápsula con Luz LED y Figura de Parejas,xq-609.jpg,$97.00,$77.00,$68.00,$64.00,72,Temporada,0%,54
XQ-S175,Bolsa de Regalo San Valentín de Papel Diseño Surtido,xq-s175.jpg,$10.00,$8.00,$7.50,$7.00,480,Temporada,0%,346
XR-3201,Audífonos Inalámbricos Diadema con Diseño Pop It,xr-3201.jpg,$189.00,$151.00,$133.00,$126.00,100,Diademas,0%,466
XR-3218,Diadema P con Diseño ,xr-3218.jpg,$128.00,$102.00,$90.00,$85.00,100,Diademas,0%,60
XR-3241,Diadema Bluetooth,xr-3241.jpg,$233.00,$186.00,$164.00,$155.00,100,Diademas,0%,105
XY-100,Audifono bluetooth diseño,xy-100.jpg,$176.00,$140.00,$124.00,$117.00,120,Renombre,0%,168
XY-200,Audifono Bluetooth Diseño,xy-200.jpg,$176.00,$140.00,$124.00,$117.00,120,Renombre,0%,301
XZ-6111,Soporte Flexible Celular,xz-6111.jpg,$26.00,$20.00,$19.00,$18.00,100,Soportes para Celular,0%,48
XZ-6140,Soporte de Escritorio para Celular,xz-6140.jpg,$20.00,$16.00,$14.00,$13.00,200,Soportes para Celular,0%,7
XZ-6215,(XZ-6215) Soporte Para Celular De Auto,xz-6215.jpg,$33.00,$26.00,$23.00,$22.00,200,Soportes para Celular,0%,37
XZ-6218,Soporte de Celular para Carro,xz-6218.jpg,$30.00,$24.00,$21.00,$20.00,200,Soportes para Celular,0%,99
XZ-6223,Soporte para Celular respaldo de Auto,xz-6223.jpg,$15.00,$12.00,$11.00,$10.00,200,Soportes para Celular,0%,39
XZ-6401,Pop Socket,xz-6401.jpg,$4.50,$4.00,$3.50,$3.00,280,Accesorios para Celular,0%,23
XZ-6402,Pop Socket,xz-6402.jpg,$6.00,$5.00,$4.50,$4.00,500,Accesorios para Celular,0%,163
Y-539,Reloj infantil + llavero diseño camara,y-539.jpg,$52.00,$42.00,$37.00,$35.00,288,Juguetes,0%,489
YJ-2612,(YJ-2612) Impermeable Infantil,yj-2612.jpg,$17.00,$11.00,$10.00,$9.50,300,Hogar,0%,86
YS-252,Vaso Termo de 600ml con Bocina Bluetooth TWS de 5W,ys-252.jpg,$216.00,$144.00,$128.00,$120.00,50,Hogar / Cocina,0%,34
YX-113,(YX-113) Bocina Bluetooth de Diseño,yx-113.jpg,$73.00,$59.00,$52.00,$49.00,50,Renombre,0%,6
YX-24,Audifono Bluetooth Diseño,yx-24.jpg,$182.00,$146.00,$129.00,$122.00,100,Renombre,0%,514
YXJ-1506,Consola Arcade + 2 Mandos,yxj-1506.jpg,$175.00,$140.00,$124.00,$117.00,40,Entretenimiento,0%,32
YXJ-1509,(YXJ-1509) Control PS4 Negro,yxj-1509.jpg,$276.00,$184.00,$166.00,$156.00,50,Entretenimiento,0%,64
YXJ-1513,Consola S10 + Control,yxj-1513.jpg,$230.00,$153.00,$135.00,$128.00,50,Entretenimiento,0%,30
Z011,Soporte Para Monitor,z011.jpg,$465.00,$372.00,$328.00,$310.00,100,Hogar,0%,18
ZE-0813,Set De 60 Plumones Acrilico,ze-0813.jpg,$267.00,$213.00,$188.00,$178.00,50,Hogar,0%,31
ZFQ-4105,Plancha para Cabello,zfq-4105.jpg,$107.00,$78.00,$69.00,$65.00,50,Salud y Belleza,0%,13
ZJD-906,(ZJD-906) Paquete de 12 Piezas de Cortauñas,zjd-906.jpg,$110.00,$73.00,$65.00,$62.00,50,Salud y Belleza,0%,51
ZJD-908,(ZJD-908) Paquete de Cortauñas Diseño Torre Eiffel,zjd-908.jpg,$104.00,$70.00,$62.00,$58.00,50,Salud y Belleza,0%,99
ZJT-8100,Adaptador de Corriente Internacional,zjt-8100.jpg,$4.00,$3.50,$3.00,$2.50,"1,000",Hogar,0%,331
ZJT-8101,Adaptador Internacional De Corriente,zjt-8101.jpg,$33.00,$26.00,$23.00,$22.00,200,Hogar,0%,7
ZWJ-210,Perchero Plegable,zwj-210.jpg,$64.00,$47.00,$42.00,$39.00,100,Hogar,0%,34
ZXJ-2110,(ZXJ-2110) Camara Deportiva Tipo Go Pro,zxj-2110.jpg,$230.00,$168.00,$148.00,$140.00,40,Seguridad,0%,44